{"Name":"Fashionware","DisplayName":"Fashionware Theme","Description":"Fashionware","Version":"v1.0.59","Palette":{"HeaderTextColor":"#202020","HeaderBackgroundColor":"#FFFFFF","FooterTextColor":"#ffffff","FooterBackgroundColor":"#202020","BreadcrumbTextColor":"#202020","BreadcrumbBackgroundColor":"#FFFFFF","BodyPrimaryTextColor":"#202020","BodySecondaryTextColor":"#8a8a8a","BodyBackgroundFirstColor":"#FFFFFF","BodyBackgroundSecondColor":"#F8F8F8","BodyBorderColor":"#B6B6B6","TopBarTextColor":"#202020","TopBarBackgroundColor":"#FFFFFF","Danger":"#ef978b","Warning":"#ef978b","ThemeColor":"#ef978b","ThemeText":"#202020","Success":"#ef978b","ButtonBackgroundColor":"#ef978b"},"Components":[{"Type":"Announcement","DisplayName":"Announcement","Views":["Default"],"Hooks":[],"Translations":[]},{"Type":"BannerCarousel","DisplayName":"Banner Carousel","Views":["Default"],"CustomViews":["custom_carousel"],"Hooks":[],"Translations":[]},{"Type":"BlogCategoryList","DisplayName":"BlogCategoryList","Views":["Default"],"Hooks":[],"Translations":[]},{"Type":"BlogList","DisplayName":"Blog List","Views":["Default"],"Hooks":[],"Translations":[{"Key":"EmptyListMessage","Value":"EmptyListMessageMore","Translation":{"EL":"Δεν μπορέσαμε να βρούμε άλλα blogs.","EN":"We could not find any blogs.","RO":"Nu am putut găsi niciun blog."}},{"Key":"hours","Value":"hours","Translation":{"EL":"ώρες","EN":"hours","RO":"ore"}},{"Key":"Loading","Value":"Loading","Translation":{"EL":"Φόρτωση","EN":"Loading","RO":"Încărcare"}},{"Key":"minutes","Value":"minutes","Translation":{"EL":"λεπτά","EN":"min","RO":"min"}},{"Key":"Next","Value":"Next","Translation":{"EL":"Επόμενο","EN":"Next","RO":"Următorul"}},{"Key":"Prev","Value":"Prev","Translation":{"EL":"Προηγούμενο","EN":"Prev","RO":"Anterior"}},{"Key":"read","Value":"read","Translation":{"EL":"διάβασμα","EN":"read","RO":"citește"}},{"Key":"ReadMore","Value":"ReadMore","Translation":{"EL":"Διαβάστε Περισσότερα","EN":"Read More","RO":"Citește mai mult"}},{"Key":"Team","Value":"Team","Translation":{"EL":"Ομάδα","EN":"Team","RO":"Echipa"}},{"Key":"ViewMore","Value":"ViewMore","Translation":{"EL":"Δείτε περισσότερα","EN":"View more","RO":"Vezi mai mult"}}]},{"Type":"BrandList","DisplayName":"Brands List","Views":["Default"],"CustomViews":["custom_triptypelist"],"Hooks":[],"Translations":[]},{"Type":"Breadcrumb","DisplayName":"Breadcrumb","Views":["Default","Alternative"],"Hooks":[],"Translations":[{"Key":"BlogPosts","Value":"BlogPosts","Translation":{"EL":"Δημοσιεύσεις Blog","EN":"Blog Posts","RO":"Postări pe blog"}},{"Key":"Brands","Value":"Brands","Translation":{"EL":"Brands","EN":"Brands","RO":"Mărci"}},{"Key":"Categories","Value":"Categories","Translation":{"EL":"Κατηγορίες","EN":"Categories","RO":"Categorii"}},{"Key":"Collections","Value":"Collections","Translation":{"EL":"Συλλογές","EN":"Collections","RO":"Colecţii"}},{"Key":"Home","Value":"Home","Translation":{"EL":"Αρχική","EN":"Home","RO":"Pagina principală"}}],"CustomTranslations":[{"Key":"Destinations","Value":"Destinations","Translation":{"EL":"Προορισμοί","EN":"Destinations","RO":"","DE":"","FR":"","IT":"","BG":"","SQ":""}}]},{"Type":"CallToAction","DisplayName":"Call To Action","Views":["Default"],"Hooks":[],"Translations":[]},{"Type":"Cart","DisplayName":"Cart","Views":["Default"],"CustomViews":["custom_cart"],"Hooks":[3],"Translations":[{"Key":"Back","Value":"Back","Translation":{"EL":"Πίσω","EN":"Back","RO":"Înapoi"}},{"Key":"Cart","Value":"Cart","Translation":{"EL":"Καλάθι","EN":"Cart","RO":"Coş de cumpărături"}},{"Key":"Close","Value":"Close","Translation":{"EL":"Κλείσιμο","EN":"Close","RO":"Închidere"}},{"Key":"Comment","Value":"Comment","Translation":{"EL":"Σχόλιο","EN":"Comment","RO":"Comentariu"}},{"Key":"Discount","Value":"Discount","Translation":{"EL":"'Εκπτωση","EN":"Discount","RO":"Reducere"}},{"Key":"Error","Value":"Error","Translation":{"EL":"Σφάλμα","EN":"Error","RO":"Eroare"}},{"Key":"Expenses","Value":"Expenses","Translation":{"EL":"Έξοδα","EN":"Expenses","RO":"Cheltuieli"}},{"Key":"Gifts","Value":"Gifts","Translation":{"EL":"Δώρα","EN":"Gifts","RO":"Cadouri"}},{"Key":"hasdeleted","Value":"hasdeleted","Translation":{"EL":"έχει διαγραφεί","EN":"has been deleted","RO":"a fost șters"}},{"Key":"Loading","Value":"Loading","Translation":{"EL":"Φόρτωση","EN":"Loading","RO":"Încărcare"}},{"Key":"MyCart","Value":"MyCart","Translation":{"EL":"Το καλάθι σας","EN":"Your Cart","RO":"Coşul tău de cumpărături"}},{"Key":"Net","Value":"Net","Translation":{"EL":"Καθαρή Αξία","EN":"Net Value","RO":"Valoare netă"}},{"Key":"Next","Value":"Next","Translation":{"EL":"Επόμενο","EN":"Next","RO":"Următorul"}},{"Key":"NoProductsInTheCart","Value":"NoProductsInTheCart","Translation":{"EL":"Δεν υπάρχουν προϊόντα στο καλάθι","EN":"No Products In The Cart","RO":"Nu există produse în coşul de cumpărături"}},{"Key":"Order_summary","Value":"Order_summary","Translation":{"EL":"Σύνοψη παραγγελίας","EN":"Order summary","RO":"Sumar comandă"}},{"Key":"OutOfStock","Value":"OutOfStock","Translation":{"EL":"Αυτό το προϊόν έχει εξαντληθεί και δεν μπορεί να προστεθεί στο καλάθι.","EN":"This product is out of stock and cannot be added to the cart.","RO":"Acest produs nu mai este în stoc și nu poate fi adăugat în coș."}},{"Key":"Product","Value":"Product","Translation":{"EL":"Το προϊόν","EN":"This product","RO":"Acest produs"}},{"Key":"Quickly_add_product","Value":"Quickly_add_product","Translation":{"EL":"Γρήγορη προσθήκη προϊόντος στο καλάθι","EN":"Quickly add product to cart","RO":"Adăugare rapidă în coş"}},{"Key":"Remove","Value":"Remove","Translation":{"EL":"Αφαίρεση","EN":"Remove","RO":"Elimină"}},{"Key":"SubTotal","Value":"Sub total","Translation":{"EL":"Μερικό σύνολο","EN":"Subtotal","RO":"Subtotal"}},{"Key":"TotalOrderPrice","Value":"TotalOrderPrice","Translation":{"EL":"Τελική τιμή","EN":"Total price","RO":"Prețul total"}},{"Key":"Undo","Value":"Undo","Translation":{"EL":"Αναίρεση","EN":"Undo","RO":"Undo"}},{"Key":"Unit","Value":"Unit","Translation":{"EL":"Τεμάχιο","EN":"Unit","RO":"Unitate"}},{"Key":"VAT","Value":"VAT","Translation":{"EL":"ΦΠΑ","EN":"VAT","RO":"TVA"}},{"Key":"Write_comment","Value":"Write_comment","Translation":{"EL":"Γράψτε το σχόλιό σας","EN":"Write your comment","RO":"Scrieți comentariul dvs."}}]},{"Type":"CategoriesList","DisplayName":"Categories List","Views":["Default"],"CustomViews":["custom_categoriesList"],"Hooks":[],"Translations":[],"CustomTranslations":[{"Key":"Explore our destinations","Value":"Explore our destinations","Translation":{"EL":"Ανακάλυψε τους προορισμούς μας","EN":"Explore our destinations","RO":"","DE":"","FR":"","IT":"","BG":"","SQ":""}}]},{"Type":"ChangePassword","DisplayName":"Change Password","Views":["Default"],"Hooks":[21],"Translations":[{"Key":"ButtonText","Value":"ButtonText","Translation":{"EL":"Συνέχεια","EN":"Continue","RO":"Continuă"}},{"Key":"ChangePassword","Value":"ChangePassword","Translation":{"EL":"Αλλαγή κωδικού πρόσβασης","EN":"Change Password","RO":"Schimbă parola"}},{"Key":"confirmPasswordText","Value":"confirmPasswordText","Translation":{"EL":"Επιβεβαίωση κωδικού πρόσβασης","EN":"Confirm Password","RO":"Confirmă parola"}},{"Key":"EmptyPasswordText","Value":"EmptyPasswordText","Translation":{"EL":"O κωδικός πρόσβασης είναι υποχρεωτικό πεδίο","EN":"Password is required","RO":"Parola este obligatorie"}},{"Key":"MismatchPasswordText","Value":"MismatchPasswordText","Translation":{"EL":"Αναντιστοιχία κωδικών πρόσβασης","EN":"Passwords do not match","RO":"Parolele nu corespund"}},{"Key":"newPasswordText","Value":"newPasswordText","Translation":{"EL":"Νέος κωδικός πρόσβασης","EN":"New Password","RO":"Parolă nouă"}},{"Key":"PasswordPolicyText","Value":"PasswordPolicyText","Translation":{"EL":"<ul><li>Το μήκος πρέπει να είναι τουλάχιστον 8 χαρακτήρες</li><li>Πρέπει να περιέχει τουλάχιστον εναν από:</li><ul><li>Ειδικούς χαρακτήρες π.χ. !,@,#</li><li>Αριθμούς</li><li>Γράμματα</li></ul></ul>","EN":"<ul><li>Length must be at least 8 characters long</li><li>It should contain at least one of the following </li><ul>\t<li>Special characters e.g. !,@,#</li>\t<li>Numbers</li><li>Letters</li></ul></li></ul>","RO":"<ul><li>Lungimea trebuie să conţină minim 8 carcatere.</li><li>Trebuie să includă cel puţin unul din următoarele criterii:</li><ul>\t<li>Caractere speciale !,@,#</li>\t<li>Numere</li><li>Litere</li></ul></li></ul>"}},{"Key":"RequestError","Value":"RequestError","Translation":{"EL":"Παρουσιάστηκε σφάλμα, δοκιμάστε ξανά αργότερα","EN":"An error has occured please try again later","RO":"A intervenit o eroare. Te rugăm să reîncerci mai târziu."}}]},{"Type":"Checkout","DisplayName":"Checkout","Views":["Default"],"CustomViews":["custom_checkout"],"Hooks":[6],"Translations":[{"Key":"Activate","Value":"Activate","Translation":{"EL":"Ενεργοποίηση","EN":"Activate","RO":"Activați"}},{"Key":"AddCoupon","Value":"AddCoupon","Translation":{"EL":"Προσθήκη κουπονιού","EN":"Add Coupon","RO":"Adaugă cupon"}},{"Key":"Additional_comments","Value":"Additional_comments","Translation":{"EL":"Επιπλέον Σχόλια","EN":"Additional comments","RO":"Comentarii suplimentare"}},{"Key":"Back","Value":"Back","Translation":{"EL":"Επιστροφή","EN":"Back","RO":"Înapoi"}},{"Key":"BadRequest","Value":"Invalid request","Translation":{"EL":"Μη έγκυρο αίτημα","EN":"Invalid request","RO":"Solcitare invalidă"}},{"Key":"Billing","Value":"Billing","Translation":{"EL":"Χρέωση","EN":"Billing","RO":"Furnizor"}},{"Key":"Cart","Value":"Cart","Translation":{"EL":"Καλάθι","EN":"Cart","RO":"Coş de cumpărături"}},{"Key":"Comment","Value":"Comment","Translation":{"EL":"Σχόλιο","EN":"Comment","RO":"Comentariu"}},{"Key":"Complete","Value":"Complete","Translation":{"EL":"Ολοκλήρωση","EN":"Complete","RO":"Finalizare"}},{"Key":"Complete_Order","Value":"Complete_Order","Translation":{"EL":"Ολοκλήρωση παραγγελίας","EN":"Complete Order","RO":"Plasare comandă"}},{"Key":"CouponPointsDiscount","Value":"Loyalty Discount","Translation":{"EL":"Έκπτωση επιβράβευσης","EN":"Loyalty Discount","RO":"Reducere fidelitate"}},{"Key":"Coupons","Value":"Coupons","Translation":{"EL":"Κουπόνια","EN":"Coupons","RO":"Cupoane"}},{"Key":"couponValidMessage","Value":"couponValidMessage","Translation":{"EL":"Το κουπόνι ενεργοποιήθηκε με επιτυχία","EN":"Coupon activated successfully","RO":"Cupon activat cu succes"}},{"Key":"Delivery_Cost","Value":"Delivery_Cost","Translation":{"EL":"Μεταφορικά","EN":"Delivery Cost","RO":"Costul de livrare"}},{"Key":"Discount","Value":"Discount","Translation":{"EL":"Έκπτωση","EN":"Discount","RO":"Reducere"}},{"Key":"DiscountFromPoints","Value":"Discount From Points","Translation":{"EL":"Έκπτωση από πόντους","EN":"Discount from points","RO":"Reducere de la puncte"}},{"Key":"enterCouponCode","Value":"enterCouponCode","Translation":{"EL":"Παρακαλούμε εισάγετε έναν έγκυρο κωδικό κουπονιού","EN":"Please enter a valid coupon code","RO":"Vă rugăm să introduceți un cod cupon valabil"}},{"Key":"errorFetchCoupon","Value":"errorFetchCoupon","Translation":{"EL":"Σφάλμα ανάκτησης του κουπονιού","EN":"Error fetching the coupon","RO":"Eroare la preluarea cuponului"}},{"Key":"errorRemoveCoupon","Value":"errorRemoveCoupon","Translation":{"EL":"Σφάλμα αφαίρεσης του κουπονιού","EN":"Error removing the coupon","RO":"Eroare la eliminarea cuponului"}},{"Key":"Expenses","Value":"Expenses","Translation":{"EL":"Έξοδα","EN":"Expenses","RO":"Cheltuieli"}},{"Key":"Gifts","Value":"Gifts","Translation":{"EL":"Δώρα","EN":"Gifts","RO":"Cadouri"}},{"Key":"Go_back_homepage","Value":"Go_back_homepage","Translation":{"EL":"Επιστροφή στην Αρχική","EN":"Go back to homepage","RO":"Înapoi la pagina de pornire"}},{"Key":"GuestCheckout","Value":"GuestCheckout","Translation":{"EL":"Συνέχεια ως Επισκέπτης","EN":"Continue as Guest","RO":"Continuați ca invitat"}},{"Key":"LoginRegister","Value":"LoginRegister","Translation":{"EL":"Σύνδεση/Εγγραφή","EN":"Login/Register","RO":"Intră în cont/Înregistrare"}},{"Key":"Net","Value":"Net","Translation":{"EL":"Καθαρή Αξία","EN":"Net Value","RO":"Valoare netă"}},{"Key":"Noproducts","Value":"Noproducts","Translation":{"EL":"Δεν υπάρχουν προϊόντα","EN":"No products","RO":"Niciun produs"}},{"Key":"NotAuthorized","Value":"Not Authorized","Translation":{"EL":"Δεν έχετε δικαίωμα να προβείτε σε αυτή την ενέργεια","EN":"You are not authorized to perform this action","RO":"Nu sunteţi autorizat pentru această acţiune"}},{"Key":"Order_summary","Value":"Order_summary","Translation":{"EL":"Σύνοψη παραγγελίας","EN":"Order summary","RO":"Sumar comandă"}},{"Key":"PaymentConfiguration","Value":"PaymentConfiguration","Translation":{"EL":"Αντικαταβολή","EN":"Pay on delivery","RO":"Plata la livrare"}},{"Key":"Placing_Order","Value":"Placing_Order","Translation":{"EL":"Τοποθέτηση Παραγγελίας","EN":"Placing Order","RO":"Plasare comandă"}},{"Key":"ProceedCheckout","Value":"ProceedCheckout","Translation":{"EL":"Πριν ολοκληρώσετε την αγορά σας","EN":"Before Proceeding to Checkout","RO":"Înainte de a trece la checkout"}},{"Key":"Quantity","Value":"Quantity","Translation":{"EL":"Ποσότητα","EN":"Quantity","RO":"Cantitate"}},{"Key":"QuantityNotAvailableException","Value":"Quantity not available in products","Translation":{"EL":"Δεν υπάρχει διαθέσιμη ποσότητα στα προϊόντα","EN":"Quantity not available in products","RO":"Cantitatea este nulă"}},{"Key":"Redeeming","Value":"Redeeming","Translation":{"EL":"Εξαργύρωση","EN":"Redeeming","RO":"Răscumpărarea"}},{"Key":"RedeemPoints","Value":"Redeem Points","Translation":{"EL":"Εξαργύρωση πόντων","EN":"Redeem Points","RO":"Răscumpărați puncte"}},{"Key":"ReturnCart","Value":"ReturnCart","Translation":{"EL":"Επιστροφή στο Καλάθι","EN":"Return to Cart","RO":"Reveniți la coș"}},{"Key":"RewardPoints","Value":"RewardPoints","Translation":{"EL":"Πόντοι επιβράβευσης","EN":"Reward Points","RO":"Puncte de recompensă"}},{"Key":"ServiceUnavailable","Value":"Service Unavailable","Translation":{"EL":"Υπηρεσία μη διαθέσιμη","EN":"Service Unavailable","RO":"Serviciu indisponibil"}},{"Key":"Shipping","Value":"Shipping","Translation":{"EL":"Αποστολή","EN":"Shipping","RO":"Livrare"}},{"Key":"ShippingConfiguration","Value":"ShippingConfiguration","Translation":{"EL":"Μεταφορικά","EN":"Shipping","RO":"Status"}},{"Key":"SubTotal","Value":"Subtotal","Translation":{"EL":"Μερικό σύνολο","EN":"Subtotal","RO":"Subtotal"}},{"Key":"TotalPoints","Value":"TotalPoints","Translation":{"EL":"Συνολικοί Πόντοι","EN":"Total Points","RO":"Puncte totale"}},{"Key":"TotalOrderPrice","Value":"TotalOrderPrice","Translation":{"EL":"Τελική τιμή","EN":"Total price","RO":"Prețul total"}},{"Key":"Undo","Value":"Undo","Translation":{"EL":"Αναίρεση","EN":"Undo","RO":"Undo"}},{"Key":"UnExpectedError","Value":"Oups, something went wrong","Translation":{"EL":"Ουπς, αναπάντεχο σφάλμα","EN":"oops something went wrong","RO":"A intervenit o eroare."}},{"Key":"Unit","Value":"Unit","Translation":{"EL":"Τεμάχιο","EN":"Unit","RO":"Unitate"}},{"Key":"VAT","Value":"VAT","Translation":{"EL":"Φ.Π.Α.","EN":"VAT","RO":"TVA"}},{"Key":"Write_comment","Value":"Write_comment","Translation":{"EL":"Γράψτε το σχόλιό σας","EN":"Write your comment","RO":"Scrieți comentariul dvs."}}]},{"Type":"CookieManager","DisplayName":"Cookie Manager","Views":["Default"],"Hooks":[],"Translations":[{"Key":"AcceptAllText","Value":"AcceptAllText","Translation":{"EL":"Αποδοχή όλων","EN":"Accept All","RO":"Acceptați toate"}},{"Key":"AccessTokenDescription","Value":"AccessTokenDescription","Translation":{"EL":"Αυτό το cookie χρησιμοποιείται για την αποθήκευση βασικών πληροφοριών σχετικά με έναν συνδεδεμένο χρήστη. Μας βοηθά επίσης να διατηρήσουμε τον χρήστη συνδεδεμένο για μεγαλύτερο χρονικό διάστημα.","EN":"This cookie is used to store basic information about a logged in user. It also helps us keep the user logged in for longer.","RO":"Acest modul cookie este utilizat pentru a stoca informații de bază despre un utilizator conectat. De asemenea, ne ajută să păstrăm conectarea utilizatorului pentru mai mult timp."}},{"Key":"Close","Value":"Close","Translation":{"EL":"Κλείσιμο","EN":"Close","RO":"Închidere"}},{"Key":"CookieCardDescription","Value":"CookieCardDescription","Translation":{"EL":"Χρησιμοποιούμε cookie για την εξατομίκευση περιεχομένου και διαφημίσεων, την παροχή λειτουργιών κοινωνικών μέσων και την ανάλυση της επισκεψιμότητάς μας. Επιπλέον, μοιραζόμαστε πληροφορίες που αφορούν τον τρόπο που χρησιμοποιείτε τον ιστότοπό μας με συνεργάτες κοινωνικών μέσων, διαφήμισης και αναλύσεων, οι οποίοι ενδεχομένως να τις συνδυάσουν με άλλες πληροφορίες που τους έχετε παραχωρήσει ή τις οποίες έχουν συλλέξει σε σχέση με την από μέρους σας χρήση των υπηρεσιών τους.","EN":"We use cookies to personalise content and ads, provide social media features and analyse our traffic. In addition, we share information about how you use our site with our social media, advertising and analytics partners, who may combine it with other information you have provided to them or that they have collected in connection with your use of their services.","RO":"Utilizăm module cookie pentru a personaliza conținutul și reclamele, pentru a oferi funcții de social media și pentru a analiza traficul nostru. În plus, împărtășim informații despre modul în care utilizați site-ul nostru cu partenerii noștri de social media, publicitate și analiză, care le pot combina cu alte informații pe care le-ați furnizat sau pe care le-au colectat în legătură cu utilizarea de către dvs. a serviciilor lor."}},{"Key":"CookieCardTitle","Value":"CookieCardTitle","Translation":{"EL":"Αυτή η ιστοσελίδα χρησιμοποιεί Cookies","EN":"This website uses Cookies","RO":"Acest site utilizează module Cookies"}},{"Key":"CookieSettingsPromptText","Value":"CookieSettingsPromptText","Translation":{"EL":"Περισσότερες επιλογές","EN":"Let me choose","RO":"Lăsați-mă să aleg"}},{"Key":"CultureCookieDescription","Value":"CultureCookieDescription","Translation":{"EL":"Αυτό το cookie χρησιμοποιείται για να καθορίσει τη γλώσσα που χρησιμοποιεί η ιστοσελίδα.","EN":"This cookie is used to specify the language that the website uses.","RO":"Acest modul cookie este utilizat pentru a specifica limba pe care o utilizează site-ul web."}},{"Key":"CurrencyCookieDescription","Value":"CurrencyCookieDescription","Translation":{"EL":"Αυτό το cookie χρησιμοποιείται για να καθορίσει το νόμισμα που χρησιμοποιεί η ιστοσελίδα.","EN":"This cookie is used to specify the currency that the website uses for the prices.","RO":"Acest modul cookie este utilizat pentru a specifica moneda pe care site-ul web o utilizează pentru prețuri."}},{"Key":"Domain","Value":"Domain","Translation":{"EL":"Domain","EN":"Domain","RO":"Domeniu"}},{"Key":"DomainPathDescription","Value":"DomainPathDescription","Translation":{"EL":"Αυτό το cookie χρησιμοποιείται για την αποθήκευση του domain path της εταιρείας.","EN":"This cookie is used to store the domain path of the company.","RO":"Acest cookie este utilizat pentru a stoca calea de domeniu a companiei."}},{"Key":"Expiration","Value":"Expiration","Translation":{"EL":"Λήξη","EN":"Expiration","RO":"Expirare"}},{"Key":"ModalDescription","Value":"ModalDescription","Translation":{"EL":"Η ιστοσελίδα μας χρησιμοποιεί απαραίτητα cookies για να εξασφαλίσει τη σωστή της λειτουργία.","EN":"Our website uses essential cookies to ensure its proper operation.","RO":"Site-ul nostru utilizează module cookie esențiale pentru a asigura buna funcționare a acestuia."}},{"Key":"ModalTitle","Value":"ModalTitle","Translation":{"EL":"Ρυθμίσεις Cookies","EN":"Cookie settings","RO":"Setări cookie"}},{"Key":"Name","Value":"Name","Translation":{"EL":"Όνομα","EN":"Name","RO":"Nume"}},{"Key":"NecessaryCookieAccordionDescription","Value":"NecessaryCookieAccordionDescription","Translation":{"EL":"Αυτά τα cookies είναι απαραίτητα για τη σωστή λειτουργία της ιστοσελίδας. Σύμφωνα με το νόμο, δεν απαιτείται η συγκατάθεσή σας για αυτά.","EN":"These cookies are necessary for the website to function properly. According to the law, your consent is not required for these.","RO":"Aceste module cookie sunt necesare pentru ca site-ul să funcționeze corect. În conformitate cu legea, consimțământul dvs. nu este necesar pentru acestea."}},{"Key":"NecessaryCookieAccordionTitle","Value":"Strictly necessary cookies.","Translation":{"EL":"Απολύτως απαραίτητα cookies.","EN":"Strictly necessary cookies.","RO":"Cookie-uri strict necesare."}},{"Key":"RefreshTokenDescription","Value":"RefreshTokenDescription","Translation":{"EL":"Αυτό το cookie χρησιμοποιείται για την αποθήκευση βασικών πληροφοριών σχετικά με έναν συνδεδεμένο χρήστη. Μας βοηθά επίσης να διατηρήσουμε τον χρήστη συνδεδεμένο για μεγαλύτερο χρονικό διάστημα.","EN":"This cookie is used to store basic information about a logged in user. It also helps us keep the user logged in for longer.","RO":"Acest modul cookie este utilizat pentru a stoca informații de bază despre un utilizator conectat. De asemenea, ne ajută să păstrăm conectarea utilizatorului pentru mai mult timp."}},{"Key":"RejectAllText","Value":"RejectAllText","Translation":{"EL":"Απόρριψη όλων","EN":"Reject All","RO":"Respingeți toate"}},{"Key":"Save","Value":"Save","Translation":{"EL":"Αποθήκευση","EN":"Save","RO":"Salvați"}},{"Key":"StagingCookieDescription","Value":"This cookie is used to specify if the website is in debugging mode or not.","Translation":{"EL":"Αυτό το cookie χρησιμοποιείται για να καθορίσει εάν η ιστοσελίδα βρίσκεται σε λειτουργία αποσφαλμάτωσης ή όχι.","EN":"This cookie is used to specify if the website is in debugging mode or not.","RO":"Acest cookie este utilizat pentru a specifica dacă site-ul web este în modul de depanare sau nu."}},{"Key":"Usage","Value":"Usage","Translation":{"EL":"Χρήση","EN":"Usage","RO":"Utilizare"}}]},{"Type":"FilterList","DisplayName":"Filter list","Views":["Default"],"CustomViews":["custom_filterlist"],"Hooks":[11],"Translations":[{"Key":"Availability","Value":"Availability","Translation":{"EL":"Διαθεσιμότητα","EN":"Availability","RO":"Disponibilitate"}},{"Key":"Brands","Value":"Brands","Translation":{"EL":"Κατασκευαστές","EN":"Brands","RO":"Mărci"}},{"Key":"Browseproducts","Value":"Browse products","Translation":{"EL":"Δες όλα τα προϊόντα","EN":"Browse products","RO":"Caută produse"}},{"Key":"Categories","Value":"Categories","Translation":{"EL":"Κατηγορίες","EN":"Categories","RO":"Categorii"}},{"Key":"clear","Value":"clear","Translation":{"EL":"Καθαρισμός","EN":"Clear","RO":"Şterge"}},{"Key":"Filters","Value":"Filters","Translation":{"EL":"Φίλτρα","EN":"Filters","RO":"Filtre"}},{"Key":"Next","Value":"Next","Translation":{"EL":"Επόμενο","EN":"Next","RO":"Următorul"}},{"Key":"NoproductsSelection","Value":"No products were found matching your selection.","Translation":{"EL":"Δεν βρέθηκαν προϊόντα. Προσπάθησε να αφαιρέσεις το τελευταίο σου φίλτρο.","EN":"No products were found matching your selection.","RO":"Nu au fost găsite produse asociate selecţiei"}},{"Key":"Prev","Value":"Prev","Translation":{"EL":"Προηγούμενο","EN":"Prev","RO":"Anterior"}},{"Key":"Price","Value":"Price","Translation":{"EL":"Τιμή","EN":"Price","RO":"Preţ"}},{"Key":"PriceAsc","Value":"PriceAsc","Translation":{"EL":"Χαμηλότερη σε υψηλότερη τιμή","EN":"Lower to Higher Price","RO":"Oferte speciale"}},{"Key":"PriceDesc","Value":"PriceDesc","Translation":{"EL":"Υψηλότερη σε χαμηλότερη τιμή","EN":"Higher to Lower Price","RO":"Preţ(de la mare la mic)"}},{"Key":"SearchForProducts","Value":"Search for products","Translation":{"EL":"Ψάξε το προϊόν που επιθυμείς","EN":"Search for product","RO":"Caută produse"}},{"Key":"SKU","Value":"SKU","Translation":{"EL":"SKU","EN":"SKU","RO":"SKU"}},{"Key":"Sort","Value":"Sort","Translation":{"EL":"Ταξινόμηση","EN":"Sort","RO":"Sortare"}},{"Key":"SortDateAsc","Value":"SortDateAsc","Translation":{"EL":"Παλαιότερο σε νεότερο","EN":"Oldest to newest","RO":"De la vechi la nou"}},{"Key":"SortDateDesc","Value":"SortDateDesc","Translation":{"EL":"Νεότερο σε παλαιότερο","EN":"Newest to oldest","RO":"De la nou la vechi"}},{"Key":"Title","Value":"Title","Translation":{"EL":"Τίτλος","EN":"Title","RO":"Titlu"}},{"Key":"TitleAsc","Value":"TitleAsc","Translation":{"EL":"Αλφαβητικά Α-Ω","EN":"Alphabetically A-Z","RO":"Alfabetic A-Z"}},{"Key":"TitleDesc","Value":"TitleDesc","Translation":{"EL":"Αλφαβητικά Ω-Α","EN":"Alphabetically Z-A","RO":"Alfabetic Z-A"}},{"Key":"Quantity","Value":"Quantity","Translation":{"EL":"Ποσότητα","EN":"Quantity","RO":"Cantitate"}}]},{"Type":"Footer","DisplayName":"Footer","Views":["Default"],"CustomViews":["custom_footer"],"Hooks":[],"Translations":[{"Key":"All rights reserved. Powered by","Value":"All rights reserved. Powered by","Translation":{"EL":"All rights reserved. Powered by","EN":"All rights reserved. Powered by","RO":"Toate drepturile rezervate. Powered by"}},{"Key":"emailValid","Value":"Your email was successfully added to our newsletter.","Translation":{"EL":"Το email σας προστέθηκε με επιτυχία στο newsletter μας.","EN":"Your email was successfully added to our newsletter.","RO":"Adresa de email a fost salvată pentru newsletter"}},{"Key":"Link","Value":"Link","Translation":{"EL":"Σύνδεσμος","EN":"Link","RO":"Link"}},{"Key":"mailError","Value":"Please provide a properly formated email.","Translation":{"EL":"Παρακαλώ συμπληρώστε ένα σωστά διαμορφωμένο email.","EN":"Please provide a properly formated email.","RO":"Te rugăm să introduci o adresă de email cu un format corect."}},{"Key":"Subscribe","Value":"Subscribe","Translation":{"EL":"Εγγραφή","EN":"Subscribe","RO":"Înregistrare"}}]},{"Type":"ForgotPassword","DisplayName":"Forgot Password","Views":["Default"],"Hooks":[20],"Translations":[{"Key":"ButtonText","Value":"ButtonText","Translation":{"EL":"Συνέχεια","EN":"Continue","RO":"Continuă"}},{"Key":"Change_your_password_in_three_easy_steps_This_helps_to_keep_your_new_password_secure","Value":"Change_your_password_in_three_easy_steps_This_helps_to_keep_your_new_password_secure","Translation":{"EL":"Αλλάξτε τον κωδικό σας με 3 εύκολα βήματα. Αυτό θα σας βοηθήσει να κρατήσετε τον νέο σας κωδικό ασφαλή.","EN":"Change your password in three easy steps. This helps to keep your new password secure","RO":"Schimbă parola în 3 paşi. Acest lucru ajută la securizarea parolei."}},{"Key":"EmptyEmailText","Value":"EmptyEmailText","Translation":{"EL":"Η διεύθυνση email είναι υποχρεωτική","EN":"Email address is required","RO":"Adresa de email este obligatorie"}},{"Key":"Enter_your_email_address","Value":"Enter_your_email_address","Translation":{"EL":"Εισάγετε την διεύθυνση του email σας","EN":"Enter your email address","RO":"Introdu adresa de email"}},{"Key":"Fill_in_your_email_address_below","Value":"Fill_in_your_email_address_below","Translation":{"EL":"Συμπληρώστε την διεύθυνση του email σας παρακάτω","EN":"Fill in your email address below","RO":"Introdu adresa de email mai jos"}},{"Key":"ForgotPassword","Value":"ForgotPassword","Translation":{"EL":"Ξεχάσατε τον κωδικό","EN":"Forgot Password","RO":"Am uitat parola"}},{"Key":"InvalidEmailText","Value":"InvalidEmailText","Translation":{"EL":"Η διεύθυνση email δεν είναι σωστή","EN":"The value is not a valid email address","RO":"Nu ai introdus o adresă de email validă"}},{"Key":"InvalidRequest","Value":"InvalidRequest","Translation":{"EL":"Παρουσιάστηκε σφάλμα, δοκιμάστε ξανά αργότερα","EN":"An error has occured please try again later","RO":"A intervenit o eroare. Te rugăm să reîncerci mai târziu"}},{"Key":"RequestError","Value":"RequestError","Translation":{"EL":"An error has occured please try again later","EN":"Παρουσιάστηκε σφάλμα, δοκιμάστε ξανά αργότερα","RO":"A intervenit o eroare. Te rugăm să reîncerci mai târziu"}},{"Key":"Use_the_link_to_change_your_password","Value":"Use_the_link_to_change_your_password","Translation":{"EL":"Χρησιμοποιήστε αυτό τον σύνδεσμο για να αλλάξετε τον κωδικό σας","EN":"Use the link to change your password","RO":"Utilizează link-ul pentru schimbarea parolei"}},{"Key":"We_ll_email_you_a_temporary_link","Value":"We_ll_email_you_a_temporary_link","Translation":{"EL":"Θα σας στείλουμε έναν προσωρινό σύνδεσμο ","EN":"We will email you a temporary link","RO":"Vei primi pe adresa ta un email cu un link temporar"}}]},{"Type":"Form","DisplayName":"Form","Views":["Default"],"Hooks":[2],"Translations":[{"Key":"CaptchaValidationMessage","Value":"CaptchaValidationMessage","Translation":{"EL":"Παρακαλώ επιβεβαιώστε ότι δεν είστε ρομπότ!","EN":"Please verify you are not a robot!","RO":"Confirmă că nu eşti robot!"}},{"Key":"Clear","Value":"Clear","Translation":{"EL":"Καθαρισμός","EN":"Clear","RO":"Şterge"}},{"Key":"Close","Value":"Close","Translation":{"EL":"Κλείσιμο","EN":"Close","RO":"Închidere"}},{"Key":"invalidEmailAddress","Value":"invalidEmailAddress","Translation":{"EL":"Μη έγκυρη διεύθυνση ηλεκτρονικού ταχυδρομείου","EN":"Not valid email address","RO":"Adresa de e-mail nu este validă"}},{"Key":"invalidFileType","Value":"invalidFileType","Translation":{"EL":"Μη έγκυρος τύπος αρχείου","EN":"Not valid file type","RO":"Tip de fișier nevalid"}},{"Key":"oops","Value":"oops","Translation":{"EL":"Ωχ! Κάτι πήγε στραβά!","EN":"Oops! Something went wrong.","RO":"Ceva nu a funcţionat bine."}},{"Key":"toastError","Value":"toastError","Translation":{"EL":"Δεν μπορέσαμε να παραλάβουμε το μήνυμα σας! Παρακαλώ προσπαθήστε ξανά σε λίγο.","EN":"We could not receive your message! Please try again later.","RO":"Mesajul nu a fost primit. Reîncearcă mai târziu."}}]},{"Type":"IconBlock","DisplayName":"Icon Block","Views":["Default"],"CustomViews":["custom_IconBlock"],"Hooks":[],"Translations":[]},{"Type":"LastVisitedProducts","DisplayName":"Last Visited Products","Views":["Default"],"Hooks":[],"Translations":[]},{"Type":"Login","DisplayName":"Login","Views":["Default"],"CustomViews":[],"Hooks":[18],"Translations":[{"Key":"Login","Value":"Login","Translation":{"EL":"Σύνδεση","EN":"Login","RO":"Intră în cont"}}]},{"Type":"Map","DisplayName":"Map","Views":["Default"],"CustomViews":["custom_map"],"Hooks":[],"Translations":[]},{"Type":"NavBar","DisplayName":"NavBar","Views":["Default"],"CustomViews":["custom_navbar"],"Hooks":[],"Translations":[{"Key":"Announcements","Value":"Announcements","Translation":{"EL":"Ανακοινώσεις","EN":"Announcements","RO":"Anunțuri"}},{"Key":"Cart","Value":"Cart","Translation":{"EL":"Καλάθι","EN":"Cart","RO":"Coş de cumpărături"}},{"Key":"CartError","Value":"There was a problem calculating prices for your cart. No worries! It will be calculated automatically when the service becomes avaliable. Feel free to place your order!","Translation":{"EL":"Παρουσιάστηκε πρόβλημα με τον υπολογισμό των τιμών για το καλάθι σας. Μην ανησυχείτε! Θα υπολογιστεί αυτόματα όταν η υπηρεσία γίνει διαθέσιμη. Μη διστάσετε να κάνετε την παραγγελία σας!","EN":"There was a problem calculating prices for your cart. No worries! It will be calculated automatically when the service becomes avaliable. Feel free to place your order!","RO":"A fost întâmpinată o eroare la calculul preţurilor din coşul de cumpărături. Nu-ţi face griji, acestea vor fi calculate automat când serviciul Web revine. Puteţi plasa comanda în siguranţă!"}},{"Key":"Checkout","Value":"Checkout","Translation":{"EL":"Ολοκλήρωση αγοράς","EN":"Checkout","RO":"Finalizarea comenzii"}},{"Key":"Comment","Value":"Comment","Translation":{"EL":"Σχόλιο","EN":"Comment","RO":"Comentariu"}},{"Key":"Delete","Value":"Delete","Translation":{"EL":"Διαγραφή","EN":"Delete","RO":"Şterge"}},{"Key":"ExpandCart","Value":"Expand Cart","Translation":{"EL":"Ανάπτυξη καλαθιού","EN":"Expand Cart","RO":"Deschide coşul de cumpărături"}},{"Key":"ExpandMenu","Value":"Expand Menu","Translation":{"EL":"Ανάπτυξη Μενού","EN":"Expand Menu","RO":"Extinde meniul"}},{"Key":"FavoriteLists","Value":"FavoriteLists","Translation":{"EL":"Λίστες Αγαπημένων","EN":"Favorite Lists","RO":"Liste favorite"}},{"Key":"Gifts","Value":"Gifts","Translation":{"EL":"Δώρα","EN":"Gifts","RO":"Cadouri"}},{"Key":"HelloText","Value":"Hello","Translation":{"EL":"Γειά σου","EN":"Hello","RO":"Bine ai venit"}},{"Key":"Loading","Value":"Loading...","Translation":{"EL":"Φόρτωση...","EN":"Loading...","RO":"Încărcare..."}},{"Key":"LogOut","Value":"Log Out","Translation":{"EL":"Αποσύνδεση","EN":"Log Out","RO":"Delogare"}},{"Key":"MyAccount","Value":"My Account","Translation":{"EL":"Ο λογαριασμός μου","EN":"My Account","RO":"Contul meu"}},{"Key":"NoAnnouncementsFound","Value":"NoAnnouncementsFound","Translation":{"EL":"Δεν βρέθηκαν ανακοινώσεις","EN":"No Announcements Found","RO":"Nu s-au găsit anunțuri"}},{"Key":"NoFavoriteListFound","Value":"No favorite list found.","Translation":{"EL":"Δεν βρέθηκε λίστα αγαπημένων.","EN":"No favorite list found","RO":"Nu s-a găsit nicio listă de favorite"}},{"Key":"NoProduct","Value":"No Product","Translation":{"EL":"Κανένα προϊόν","EN":"No Product","RO":"Nu există produse"}},{"Key":"NoProductsInTheCart","Value":"No products in the cart.","Translation":{"EL":"Δεν υπάρχουν προϊόντα στο καλάθι.","EN":"No products in the cart.","RO":"Nu există produse în coş."}},{"Key":"Orders","Value":"Orders","Translation":{"EL":"Παραγγελίες","EN":"Orders","RO":"Comenzi"}},{"Key":"Products","Value":"Products","Translation":{"EL":"Προϊόντα","EN":"Products","RO":"Produse"}},{"Key":"Profile","Value":"Profile","Translation":{"EL":"Προφίλ","EN":"Profile","RO":"Profil"}},{"Key":"SearchForProducts","Value":"Search for products","Translation":{"EL":"Ψάξε το προϊόν που επιθυμείς","EN":"Search for product","RO":"Caută produse"}},{"Key":"ShoppingLists","Value":"Shopping Lists","Translation":{"EL":"Λίστα Αγορών","EN":"Shopping Lists","RO":"Lista de cumpărături"}},{"Key":"TotalAmount","Value":"Total amount","Translation":{"EL":"Συνολικό Ποσό","EN":"Total amount","RO":"Sumă totală"}},{"Key":"Unit","Value":"Unit","Translation":{"EL":"Τεμάχιο","EN":"Unit","RO":"Unitate"}},{"Key":"UserButton","Value":"User Button","Translation":{"EL":"Κουμπί Χρήστη","EN":"User Button","RO":"Buton utilizator"}},{"Key":"Write_comment","Value":"Write_comment","Translation":{"EL":"Γράψτε το σχόλιό σας","EN":"Write your comment","RO":"Scrieți comentariul dvs."}}],"CustomTranslations":[{"Key":"Home","Value":"Home","Translation":{"EL":"Αρχική","EN":"Home","RO":"","DE":"","FR":"","IT":"","BG":"","SQ":""}}]},{"Type":"ProductAttachments","DisplayName":"Product Attachments","Views":["Default"],"Hooks":[5],"Translations":[{"Key":"View","Value":"View","Translation":{"EL":"Προβολή","EN":"View","RO":"Vizualizare"}}]},{"Type":"ProductAttributes","DisplayName":"Product Attributes","Views":["Default"],"Hooks":[5],"Translations":[{"Key":"AdditionalAttributes","Value":"AdditionalAttributes","Translation":{"EL":"Επιπλέον Χαρακτηριστικά","EN":"Additional Attributes","RO":"Caracteristici suplimentare"}}]},{"Type":"ProductDocumentation","DisplayName":"Product Documentation","Views":["Default"],"Hooks":[5],"Translations":[]},{"Type":"ProductsCarousel","DisplayName":"Products Carousel","Views":["Default"],"CustomViews":["custom_productscarousel"],"Hooks":[],"Translations":[]},{"Type":"ProductsBlock","DisplayName":"Products Block","Views":["Default"],"CustomViews":["custom_productsBlock"],"Hooks":[],"Translations":[]},{"Type":"ProductSingle","DisplayName":"Product Single","Views":["Default"],"CustomViews":["custom_buythelook"],"Hooks":[5],"Translations":[{"Key":"Added","Value":"added","Translation":{"EL":"Προστέθηκε","EN":"Added","RO":"Adăugat"}},{"Key":"AddToCart","Value":"Add_to_cart","Translation":{"EL":"Προσθήκη","EN":"Add","RO":"Adaugă"}},{"Key":"AddToList","Value":"AddToList","Translation":{"EL":"Προσθήκη σε λίστα αγαπημένων","EN":"Add to favorite list","RO":"Adaugă în listă"}},{"Key":"Cart","Value":"Cart","Translation":{"EL":"Καλάθι","EN":"Cart","RO":"Coş de cumpărături"}},{"Key":"Description","Value":"Description","Translation":{"EL":"Περιγραφή","EN":"Description","RO":"Descriere"}},{"Key":"NewListName","Value":"newlistname","Translation":{"EL":"Όνομα νέας λίστας","EN":"New list name","RO":"Nume listă nouă"}},{"Key":"Price","Value":"Price","Translation":{"EL":"Τιμή","EN":"Price","RO":"Preţ"}},{"Key":"Removed","Value":"removed","Translation":{"EL":"Αφαιρέθηκε","EN":"Removed","RO":"Şters"}},{"Key":"Save","Value":"save","Translation":{"EL":"Αποθήκευση","EN":"Save","RO":"Salvează"}},{"Key":"ShoppingLists","Value":"Shopping Lists","Translation":{"EL":"Λίστα Αγορών","EN":"Shopping Lists","RO":"Lista de Cumpărături"}},{"Key":"SKU","Value":"SKU","Translation":{"EL":"Κωδικός","EN":"SKU","RO":"SKU"}},{"Key":"StockAvailability","Value":"StockAvailability","Translation":{"EL":"Διαθεσιμότητα Προϊόντος","EN":"Stock Availability","RO":"Disponibilitatea Stocului"}},{"Key":"Title","Value":"Title","Translation":{"EL":"Τίτλος","EN":"Title","RO":"Titlu"}},{"Key":"Unit","Value":"Unit","Translation":{"EL":"Τεμάχιο","EN":"Unit","RO":"Unitate"}}],"CustomTranslations":[{"Key":"AddAllToCart","Value":"AddAllToCart","Translation":{"EL":"Προσθήκη όλων","EN":"Add All","RO":"","DE":"","FR":"","IT":"","BG":"","SQ":""}},{"Key":"BuyTheLook","Value":"BuyTheLook","Translation":{"EL":"Αγοράστε το Στυλ","EN":"Buy The Look","RO":"","DE":"","FR":"","IT":"","BG":"","SQ":""}}]},{"Type":"Profile","DisplayName":"Profile","Views":["Default"],"Hooks":[16],"Translations":[{"Key":"AccountMenu","Value":"Account menu","Translation":{"EL":"Μενού λογαριασμού","EN":"Account menu","RO":"Meniu cont"}},{"Key":"Addresses","Value":"Addresses","Translation":{"EL":"Διευθύνσεις","EN":"Addresses","RO":"Adrese"}},{"Key":"Loyalty","Value":"Loyalty","Translation":{"EL":"Eπιβράβευση","EN":"Loyalty","RO":"Recompensă"}},{"Key":"Orders","Value":"Orders","Translation":{"EL":"Παραγγελίες","EN":"Orders","RO":"Comenzi"}},{"Key":"ProfileInfo","Value":"Profile info","Translation":{"EL":"Πληροφορίες Προφίλ","EN":"Profile info","RO":"Informaţii profil"}},{"Key":"ShoppingLists","Value":"Shopping Lists","Translation":{"EL":"Λίστες","EN":"Shopping Lists","RO":"Lista de cumpărături"}},{"Key":"UserButton","Value":"User Button","Translation":{"EL":"Κουμπί Χρήστη","EN":"User Button","RO":"Buton utilizator"}}]},{"Type":"Register","DisplayName":"Register","Views":["Default"],"Hooks":[],"Translations":[{"Key":"Register","Value":"Register","Translation":{"EL":"Εγγραφή","EN":"Register","RO":"Înregistrare"}}]},{"Type":"RelatedProducts","DisplayName":"Related Products","Views":["Default"],"Hooks":[],"Translations":[]},{"Type":"SingleBlog","DisplayName":"SingleBlog","Views":["Default"],"Hooks":[],"Translations":[{"Key":"CommentDescription","Value":"CommentDescription","Translation":{"EL":"Παρακαλώ πληκτρολογήστε το σχόλιο σας.","EN":"Please type your comment.","RO":"Vă rugăm să vă scrieți comentariul."}},{"Key":"CommentInvalidMessage","Value":"CommentInvalidMessage","Translation":{"EL":"Το πεδίο 'σχόλιο' δεν μπορεί να είναι άδειο.","EN":"Field 'comment' cannot be empty.","RO":"Câmpul „comment” nu poate fi gol."}},{"Key":"CommentPublishedWaitingForAcceptMessage","Value":"CommentPublishedWaitingForAcceptMessage","Translation":{"EL":"Σας ευχαριστούμε που δημοσιεύσατε το μήνυμά σας. Μόλις το σχόλιο σας εγκριθεί από τον συγγραφέα του blog, θα είναι ορατό σε αυτό το blog post.","EN":"Thank you for posting your message. Once your comment is reviewed by the blog's author, it will be visible in this blog post.","RO":"Vă mulțumim pentru postarea mesajului dumneavoastră. După ce comentariul dvs. este analizat de autorul blogului, acesta va fi vizibil în această postare pe blog."}},{"Key":"Comments","Value":"Comments","Translation":{"EL":"Σχόλια","EN":"Comments","RO":"Observații"}},{"Key":"hours","Value":"hours","Translation":{"EL":"ώρες","EN":"hours","RO":"ore"}},{"Key":"minutes","Value":"minutes","Translation":{"EL":"λεπτά","EN":"min","RO":"min"}},{"Key":"Nickname","Value":"Nickname","Translation":{"EL":"Ψευδώνυμο","EN":"Nickname","RO":"Nickname"}},{"Key":"NicknameInvalidMessage","Value":"NicknameInvalidMessage","Translation":{"EL":"Το πεδίο 'ψευδώνυμο' δεν μπορεί να είναι άδειο.","EN":"Field 'Nickname' cannot be empty.","RO":"Câmpul „Nickname” nu poate fi gol."}},{"Key":"PostComment","Value":"PostComment","Translation":{"EL":"Ανάρτηση σχόλιου","EN":"Post comment","RO":"Post comentariu"}},{"Key":"Prev","Value":"Prev","Translation":{"EL":"Προηγούμενο","EN":"Prev","RO":"Anterior"}},{"Key":"read","Value":"read","Translation":{"EL":"διάβασμα","EN":"read","RO":"citește"}},{"Key":"Team","Value":"Team","Translation":{"EL":"Ομάδα","EN":"Team","RO":"Echipa"}}]},{"Type":"SubscribeNewsletter","DisplayName":"Subscribe newsletter","Views":["Default"],"CustomViews":["custom_Newsletter"],"Hooks":[],"Translations":[{"Key":"emailValid","Value":"Your email was successfully added to our newsletter.","Translation":{"EL":"Το email σας προστέθηκε με επιτυχία στο newsletter μας.","EN":"Your email was successfully added to our newsletter.","RO":"Adresa de email a fost salvată cu succes pentru newslleter."}},{"Key":"mailError","Value":"Please provide a properly formated email.","Translation":{"EL":"Παρακαλώ συμπληρώστε ένα σωστά διαμορφωμένο email.","EN":"Please provide a properly formated email.","RO":"Formatul adresei de email este invalid."}}]},{"Type":"TextWithImage","DisplayName":"Text with image","Views":["Default"],"CustomViews":["custom_textwithimage","custom_hero","custom_aboutus"],"Hooks":[],"Translations":[],"CustomTranslations":[{"Key":"See the world like a local","Value":"See the world like a local","Translation":{"EL":"Δες τον κόσμο με τα μάτια ενός ντόπιου.","EN":"See the world like a local","RO":"","DE":"","FR":"","IT":"","BG":"","SQ":""}},{"Key":"Find your perfect local guide for every trip, and book unforgettable experiences with ease.","Value":"Find your perfect local guide for every trip, and book unforgettable experiences with ease.","Translation":{"EL":"Βρες τον ιδανικό τοπικό ξεναγό για κάθε ταξίδι, και κλείσε αξέχαστες εμπειρίες με ευκολία.","EN":"Find your perfect local guide for every trip, and book unforgettable experiences with ease.","RO":"","DE":"","FR":"","IT":"","BG":"","SQ":""}},{"Key":"Hand Picked Guides","Value":"Hand Picked Guides","Translation":{"EL":"Επιλεγμένοι Ξεναγοί","EN":"Hand Picked Guides","RO":"","DE":"","FR":"","IT":"","BG":"","SQ":""}},{"Key":"Carefully selected local experts to enhance your travel experience.","Value":"Carefully selected local experts to enhance your travel experience.","Translation":{"EL":"Τοπικοί ειδικοί προσεκτικά επιλεγμένοι για να εμπλουτίσουν την ταξιδιωτική σας εμπειρία.","EN":"Carefully selected local experts to enhance your travel experience.","RO":"","DE":"","FR":"","IT":"","BG":"","SQ":""}},{"Key":"24/7 Support","Value":"24/7 Support","Translation":{"EL":"Υποστήριξη 24/7","EN":"24/7 Support","RO":"","DE":"","FR":"","IT":"","BG":"","SQ":""}},{"Key":"We're here for you anytime, anywhere, to ensure a smooth journey.","Value":"We're here for you anytime, anywhere, to ensure a smooth journey.","Translation":{"EL":"Είμαστε εδώ για εσάς οποιαδήποτε στιγμή, οπουδήποτε, για να εξασφαλίσουμε μια άνετη εμπειρία.","EN":"We're here for you anytime, anywhere, to ensure a smooth journey.","RO":"","DE":"","FR":"","IT":"","BG":"","SQ":""}},{"Key":"Private Tours","Value":"Private Tours","Translation":{"EL":"Ιδιωτικές Ξεναγήσεις","EN":"Private Tours","RO":"","DE":"","FR":"","IT":"","BG":"","SQ":""}},{"Key":"Tailor your adventure with personalized, private tours designed just for you.","Value":"Tailor your adventure with personalized, private tours designed just for you.","Translation":{"EL":"Προσαρμόστε την περιπέτειά σας με προσωπικές, ιδιωτικές ξεναγήσεις σχεδιασμένες μόνο για εσάς.","EN":"Tailor your adventure with personalized, private tours designed just for you.","RO":"","DE":"","FR":"","IT":"","BG":"","SQ":""}}]},{"Type":"TopBar","DisplayName":"TopBar","Views":["Default"],"Hooks":[],"Translations":[]},{"Type":"VideoBlock","DisplayName":"Video","Views":["Default"],"Hooks":[],"Translations":[{"Key":"LastVisited","Value":"LastVisited","Translation":{"EL":"Είδατε πρόσφατα","EN":"Last Visited","RO":"Ultima vizită"}}]}],"PreviewImages":["https://shopranos.azureedge.net/admin/assets/media/themes/fashion-thumbnail.png"],"PreviewUrl":"https://fashiondemo.shopranos.eu","Status":0}