{
  "selection": [
    {
      "order": 46,
      "name": "address"
    },
    {
      "order": 45,
      "name": "Group",
      "prevSize": 32
    },
    {
      "ligatures": "equalizer, sliders",
      "name": "equalizer",
      "order": 8,
      "prevSize": 32
    },
    {
      "order": 9,
      "name": "upload",
      "prevSize": 32
    },
    {
      "order": 10,
      "name": "heart-filled",
      "prevSize": 32
    },
    {
      "order": 11,
      "name": "heart-outline",
      "prevSize": 32
    },
    {
      "order": 12,
      "name": "shopping-cart-img",
      "prevSize": 32
    },
    {
      "order": 13,
      "name": "coins",
      "prevSize": 32
    },
    {
      "order": 14,
      "name": "moveright",
      "prevSize": 32
    },
    {
      "order": 15,
      "name": "loyalty",
      "prevSize": 32
    },
    {
      "order": 16,
      "name": "lists",
      "prevSize": 32
    },
    {
      "order": 17,
      "name": "orders",
      "prevSize": 32
    },
    {
      "order": 18,
      "name": "moveleft",
      "prevSize": 32
    },
    {
      "order": 19,
      "name": "notification",
      "prevSize": 32
    },
    {
      "order": 43,
      "name": "plus",
      "prevSize": 32
    },
    {
      "order": 20,
      "name": "heart",
      "prevSize": 32
    },
    {
      "order": 21,
      "name": "check",
      "prevSize": 32
    },
    {
      "order": 22,
      "name": "arrow-left-long",
      "prevSize": 32
    },
    {
      "order": 23,
      "name": "view-br",
      "prevSize": 32
    },
    {
      "order": 24,
      "name": "list",
      "prevSize": 32
    },
    {
      "order": 25,
      "name": "grid",
      "prevSize": 32
    },
    {
      "order": 26,
      "name": "file",
      "prevSize": 32
    },
    {
      "order": 27,
      "name": "credit-card",
      "prevSize": 32
    },
    {
      "order": 28,
      "name": "bin",
      "prevSize": 32
    },
    {
      "order": 29,
      "name": "save",
      "prevSize": 32
    },
    {
      "order": 30,
      "name": "close",
      "prevSize": 32
    },
    {
      "order": 31,
      "name": "arrow-right",
      "prevSize": 32
    },
    {
      "order": 32,
      "name": "pass-show",
      "prevSize": 32
    },
    {
      "order": 33,
      "name": "pass-hide",
      "prevSize": 32
    },
    {
      "order": 34,
      "name": "linkedin",
      "prevSize": 32
    },
    {
      "order": 35,
      "name": "tiktok",
      "prevSize": 32
    },
    {
      "order": 36,
      "name": "twitter",
      "prevSize": 32
    },
    {
      "order": 37,
      "name": "youtube",
      "prevSize": 32
    },
    {
      "order": 38,
      "name": "search",
      "prevSize": 32
    },
    {
      "order": 39,
      "name": "wishlist",
      "prevSize": 32
    },
    {
      "order": 40,
      "name": "cart",
      "prevSize": 32
    },
    {
      "order": 41,
      "name": "account",
      "prevSize": 32
    },
    {
      "order": 44,
      "name": "instagram",
      "prevSize": 32
    },
    {
      "order": 42,
      "name": "facebook",
      "prevSize": 32
    }
  ],
  "metadata": {
    "name": "selection",
    "importSize": {
      "width": 24,
      "height": 24
    },
    "iconsHash": 1717711694
  },
  "height": 1024,
  "prevSize": 32,
  "icons": [
    {
      "paths": [
        "M896 896h-768c-11.316 0-22.168-4.497-30.17-12.497s-12.497-18.854-12.497-30.17v-320.555c-0.001-6.097 1.305-12.122 3.83-17.673 2.524-5.547 6.209-10.492 10.805-14.498l156.032-136.064v-193.877c0-11.316 4.495-22.168 12.497-30.17s18.854-12.497 30.17-12.497h597.333c11.315 0 22.17 4.495 30.17 12.497s12.497 18.854 12.497 30.17v682.667c0 11.315-4.497 22.17-12.497 30.17s-18.854 12.497-30.17 12.497zM384 810.667h128v-258.475l-170.667-148.821-170.667 148.821v258.475h128v-170.667h85.333v170.667zM597.333 810.667h256v-597.333h-512v90.752c9.984 0 20.011 3.499 28.032 10.539l213.333 185.984c4.595 4.006 8.282 8.951 10.803 14.498 2.526 5.551 3.831 11.575 3.831 17.673v277.888zM682.667 469.333h85.333v85.333h-85.333v-85.333zM682.667 640h85.333v85.333h-85.333v-85.333zM682.667 298.667h85.333v85.333h-85.333v-85.333zM512 298.667h85.333v85.333h-85.333v-85.333z"
      ],
      "grid": 16,
      "tags": [
        "address"
      ]
    },
    {
      "paths": [
        "M273.664 682.671l432.725-432.726-60.331-60.331-432.725 432.726v60.331h60.331zM309.035 768.004h-181.035v-181.035l487.893-487.894c8-7.999 18.85-12.492 30.165-12.492s22.165 4.493 30.165 12.492l120.704 120.704c8 8.001 12.493 18.852 12.493 30.165s-4.493 22.164-12.493 30.165l-487.893 487.894zM128 853.338h768v85.333h-768v-85.333z"
      ],
      "grid": 16,
      "tags": [
        "Group"
      ],
      "defaultCode": 59685
    },
    {
      "paths": [
        "M448 128v-16c0-26.4-21.6-48-48-48h-160c-26.4 0-48 21.6-48 48v16h-192v128h192v16c0 26.4 21.6 48 48 48h160c26.4 0 48-21.6 48-48v-16h576v-128h-576zM256 256v-128h128v128h-128zM832 432c0-26.4-21.6-48-48-48h-160c-26.4 0-48 21.6-48 48v16h-576v128h576v16c0 26.4 21.6 48 48 48h160c26.4 0 48-21.6 48-48v-16h192v-128h-192v-16zM640 576v-128h128v128h-128zM448 752c0-26.4-21.6-48-48-48h-160c-26.4 0-48 21.6-48 48v16h-192v128h192v16c0 26.4 21.6 48 48 48h160c26.4 0 48-21.6 48-48v-16h576v-128h-576v-16zM256 896v-128h128v128h-128z"
      ],
      "tags": [
        "equalizer",
        "sliders",
        "settings",
        "preferences",
        "dashboard",
        "control"
      ],
      "defaultCode": 59684,
      "grid": 16
    },
    {
      "paths": [
        "M102.401 870.402h819.2v-358.402h102.398v409.599c0 13.582-5.393 26.604-14.995 36.206-9.602 9.599-22.625 14.995-36.203 14.995h-921.602c-13.579 0-26.602-5.396-36.204-14.995-9.602-9.602-14.996-22.625-14.996-36.206v-409.599h102.4v358.402zM563.2 358.4v358.402h-102.398v-358.402h-256l307.201-307.2 307.2 307.2h-256.002z"
      ],
      "tags": [
        "upload"
      ],
      "grid": 16,
      "defaultCode": 59683
    },
    {
      "paths": [
        "M605.091 903.354c-22.9 14.336-42.031 25.414-55.483 33.001-7.121 4.003-14.336 7.912-21.551 11.729h-0.093c-4.639 2.435-10.135 3.865-15.965 3.865s-11.326-1.429-16.157-3.957l0.192 0.092c-11.365-5.832-18.447-9.732-25.462-13.738l3.818 2.008c-84.73-48.197-157.864-99.631-225.638-157.185l2.080 1.723c-120.506-102.633-250.834-253.487-250.834-431.197 0-161.094 131.677-279.878 266.985-279.878 106.775 0 192.931 57.064 245.015 144.524 52.131-87.459 138.24-144.524 245.015-144.524 135.261 0 266.985 118.784 266.985 279.924 0 177.71-130.374 328.612-250.834 431.105-49.654 42.207-104.514 82.572-162.117 118.99l-5.959 3.518z"
      ],
      "tags": [
        "heart-filled"
      ],
      "defaultCode": 59681,
      "grid": 16
    },
    {
      "paths": [
        "M266.985 140.73c-96.768 0-197.166 87.505-197.166 210.106 0 144.616 108.171 277.41 226.258 377.949 62.452 53.057 131.977 101.949 205.779 144.22l6.747 3.561 3.398 1.908 3.398-1.862c12.614-7.121 30.767-17.687 52.596-31.371 43.753-27.369 101.934-67.072 159.93-116.457 118.085-100.538 226.258-233.332 226.258-377.949 0-122.601-100.398-210.106-197.166-210.106-98.025 0-176.919 64.652-211.921 169.565-4.786 13.951-17.789 23.798-33.094 23.798s-28.308-9.849-33.021-23.553l-0.073-0.245c-35.002-104.914-113.943-169.565-211.921-169.565zM512 918.178l15.965 31.046c-4.639 2.435-10.135 3.865-15.965 3.865s-11.326-1.429-16.157-3.957l0.192 0.092 15.965-31.046zM0.001 350.789c0-161.048 131.677-279.878 266.985-279.878 106.775 0 192.93 57.064 245.015 144.524 52.131-87.459 138.24-144.524 245.015-144.524 135.261 0 266.985 118.784 266.985 279.924 0 177.71-130.373 328.611-250.834 431.104-71.375 60.622-151.133 115.782-236.098 162.665l-7.474 3.781-1.164 0.605-0.326 0.14-0.093 0.047-16.011-30.999-15.965 31.046-0.14-0.093-0.326-0.14-1.164-0.605c-32.245-17.363-56.918-31.934-81.077-47.243l5.581 3.303c-63.561-39.935-118.42-80.3-170.157-124.23l2.081 1.724c-120.506-102.54-250.834-253.393-250.834-431.104z"
      ],
      "tags": [
        "heart-outline"
      ],
      "defaultCode": 59682,
      "grid": 16
    },
    {
      "paths": [
        "M188.952 311.063l-14.907-36.892c-2.486-6.154-3.737-12.74-3.679-19.377 0.059-6.639 1.425-13.201 4.020-19.311s6.369-11.649 11.105-16.3 10.343-8.325 16.499-10.809l468.571-189.308c12.418-5.010 26.318-4.886 38.645 0.345s22.076 15.14 27.102 27.551l284.012 702.856c2.487 6.154 3.738 12.74 3.679 19.379-0.058 6.639-1.425 13.199-4.019 19.31-2.596 6.111-6.369 11.65-11.105 16.301-4.737 4.65-10.344 8.323-16.5 10.807l-468.57 189.308c-6.156 2.487-12.74 3.738-19.379 3.679-6.639-0.058-13.201-1.425-19.31-4.019-6.111-2.595-11.65-6.369-16.301-11.105s-8.323-10.344-10.807-16.5l-4.448-10.966v2.022h-202.145c-13.402 0-26.255-5.325-35.735-14.802-9.477-9.477-14.801-22.331-14.801-35.735v-13.645l-169.297-68.374c-12.424-5.027-22.343-14.783-27.574-27.122-5.232-12.339-5.347-26.251-0.321-38.675l185.265-458.616zM301.951 866.959h111.633l-111.633-276.28v276.28zM200.879 551.412l-84.548 209.269 84.548 35.93v-245.2zM286.689 283.117l246.11 609.162 374.877-151.458-246.111-609.112-374.876 151.407zM437.185 385.856c-12.431 5.020-26.348 4.894-38.686-0.347-12.341-5.24-22.092-15.169-27.112-27.601-5.020-12.431-4.895-26.347 0.346-38.686s15.17-22.091 27.601-27.112c12.432-5.026 26.35-4.907 38.694 0.329s22.103 15.162 27.13 27.593c5.026 12.432 4.908 26.35-0.329 38.694-5.236 12.344-15.161 22.103-27.593 27.13h-0.050z"
      ],
      "tags": [
        "shopping-cart-img"
      ],
      "defaultCode": 59680,
      "grid": 16
    },
    {
      "paths": [
        "M512 170.667c259.2 0 469.333 114.603 469.333 256v170.667c0 141.397-210.133 256-469.333 256-254.592 0-461.824-110.549-469.12-248.448l-0.213-7.552v-170.667c0-141.397 210.133-256 469.333-256zM512 682.667c-158.72 0-299.093-42.965-384-108.8v23.467c0 80.299 165.675 170.667 384 170.667 213.76 0 377.088-86.613 383.787-165.632l0.213-5.035 0.043-23.467c-84.907 65.792-225.28 108.8-384.043 108.8zM512 256c-218.325 0-384 90.368-384 170.667s165.675 170.667 384 170.667c218.325 0 384-90.368 384-170.667s-165.675-170.667-384-170.667z"
      ],
      "tags": [
        "coins"
      ],
      "defaultCode": 59679,
      "grid": 16
    },
    {
      "paths": [
        "M107.789 26.947v970.105h-107.789v-970.105h107.789zM817.691 565.894h-602.112v-107.789h602.112l-327.249-327.194 76.208-76.208 457.35 457.297-457.297 457.297-76.208-76.208 327.194-327.194z"
      ],
      "tags": [
        "moveright"
      ],
      "defaultCode": 59678,
      "grid": 16
    },
    {
      "paths": [
        "M181.915 379.323c12.062 0 23.629 4.791 32.158 13.321s13.321 20.097 13.321 32.158c71.453-0.106 140.847 23.935 196.923 68.218h98.689c60.578 0 115.061 26.332 152.49 68.172l143.121 0.046c42.991-0.014 85.1 12.161 121.451 35.11 36.351 22.953 65.453 55.734 83.931 94.55-107.557 141.939-281.695 234.17-478.254 234.17-126.886 0-234.215-27.424-321.080-75.403-3.182 8.782-8.994 16.363-16.644 21.721s-16.767 8.218-26.106 8.204h-136.436c-12.062 0-23.629-4.793-32.158-13.321s-13.321-20.097-13.321-32.158v-409.308c0-12.062 4.791-23.629 13.321-32.158s20.097-13.321 32.158-13.321h136.436zM227.44 515.76l-0.046 228.348 2.047 1.501c81.635 57.303 187.963 88.501 316.305 88.501 136.618 0 263.731-52.574 356.325-142.349l6.049-6.049-5.457-4.548c-21.475-16.818-47.507-26.8-74.721-28.652l-9.323-0.319-96.051-0.046c3.32 14.644 5.094 29.88 5.094 45.524v45.479h-409.308v-90.957l308.801-0.046-1.547-3.547c-8.714-18.214-22.121-33.778-38.844-45.092-16.718-11.32-36.151-17.982-56.298-19.306l-7.458-0.227h-133.252c-21.134-21.616-46.375-38.784-74.243-50.499s-57.796-17.741-88.025-17.719h-0.046zM136.437 470.281h-45.479v318.351h45.479v-318.351zM575.124 132.601l16.099 16.145 16.099-16.099c10.542-10.632 23.080-19.077 36.896-24.851 13.812-5.773 28.633-8.761 43.605-8.792s29.807 2.896 43.641 8.613c13.839 5.716 26.414 14.11 37.002 24.699 10.583 10.589 18.974 23.164 24.685 37.004s8.636 28.672 8.6 43.645c-0.032 14.973-3.024 29.791-8.804 43.604-5.776 13.814-14.226 26.35-24.859 36.889l-176.867 176.821-176.912-176.912c-10.632-10.543-19.077-23.081-24.851-36.896s-8.761-28.635-8.792-43.607c-0.031-14.973 2.896-29.804 8.613-43.643s14.11-26.411 24.697-36.998c10.592-10.586 23.166-18.976 37.006-24.689s28.674-8.636 43.646-8.601c14.972 0.034 29.789 3.026 43.605 8.803 13.812 5.777 26.35 14.226 36.888 24.861zM478.709 196.953c-3.77 3.749-6.108 8.699-6.603 13.991-0.5 5.292 0.873 10.592 3.875 14.978l2.638 3.138 112.606 112.514 112.606-112.514c3.766-3.763 6.094-8.728 6.577-14.029s-0.909-10.606-3.939-14.986l-2.638-3.184c-3.77-3.761-8.736-6.079-14.039-6.552s-10.602 0.927-14.976 3.96l-3.184 2.638-80.451 80.407-80.361-80.497-3.092-2.546c-4.38-3.026-9.683-4.42-14.986-3.939s-10.269 2.81-14.031 6.577v0.046z"
      ],
      "tags": [
        "loyalty"
      ],
      "defaultCode": 59674,
      "grid": 16
    },
    {
      "paths": [
        "M921.6 1023.999h-819.2c-13.579 0-26.602-5.396-36.204-14.996s-14.996-22.625-14.996-36.204v-921.599c0-13.579 5.394-26.602 14.996-36.204s22.625-14.996 36.204-14.996h819.2c13.578 0 26.604 5.394 36.204 14.996s14.996 22.625 14.996 36.204v921.599c0 13.578-5.396 26.604-14.996 36.204s-22.625 14.996-36.204 14.996zM870.401 921.598v-819.2h-716.799v819.2h716.799zM307.201 256h409.599v102.4h-409.599v-102.4zM307.201 460.799h409.599v102.4h-409.599v-102.4zM307.201 665.599h409.599v102.4h-409.599v-102.4z"
      ],
      "tags": [
        "lists"
      ],
      "defaultCode": 59675,
      "grid": 16
    },
    {
      "paths": [
        "M684.337 62.412l164.404 284.775h175.258v102.401h-59.75l-38.759 465.049c-1.064 12.794-6.896 24.719-16.343 33.419-9.446 8.694-21.811 13.528-34.652 13.532h-724.992c-12.839-0.005-25.206-4.838-34.651-13.532-9.445-8.699-15.278-20.623-16.344-33.419l-38.809-465.049h-59.699v-102.401h175.206l164.454-284.775 88.679 51.2-134.861 233.574h436.992l-134.809-233.574 88.679-51.2zM861.49 449.587h-699.034l34.151 409.6h630.733l34.151-409.6zM563.198 551.987v204.8h-102.4v-204.8h102.4zM358.398 551.987v204.8h-102.4v-204.8h102.4zM767.998 551.987v204.8h-102.4v-204.8h102.4z"
      ],
      "tags": [
        "orders"
      ],
      "defaultCode": 59676,
      "grid": 16
    },
    {
      "paths": [
        "M916.211 997.052v-970.105h107.789v970.105h-107.789zM206.309 458.105h602.112v107.789h-602.112l327.249 327.194-76.208 76.208-457.35-457.297 457.297-457.297 76.208 76.208-327.194 327.194z"
      ],
      "tags": [
        "moveleft"
      ],
      "defaultCode": 59677,
      "grid": 16
    },
    {
      "paths": [
        "M902.096 731.429h97.523v97.523h-975.238v-97.523h97.523v-341.334c0-103.459 41.099-202.682 114.256-275.839s172.379-114.256 275.839-114.256c103.458 0 202.683 41.099 275.841 114.256 73.153 73.157 114.254 172.379 114.254 275.839v341.334zM804.572 731.429v-341.334c0-77.594-30.823-152.011-85.694-206.879-54.867-54.867-129.282-85.693-206.878-85.693s-152.011 30.824-206.879 85.693c-54.867 54.867-85.693 129.285-85.693 206.879v341.334h585.143zM365.715 926.477h292.571v97.523h-292.571v-97.523z"
      ],
      "tags": [
        "notification"
      ],
      "defaultCode": 59673,
      "grid": 16
    },
    {
      "paths": [
        "M607.989 448.011h448.011v127.977h-448.011v448.011h-127.977v-448.011h-448.011v-127.977h448.011v-448.011h127.977v448.011z"
      ],
      "width": 1088,
      "tags": [
        "plus"
      ],
      "defaultCode": 59672,
      "grid": 16
    },
    {
      "paths": [
        "M742.4 38.401c155.545 0 281.6 128 281.6 307.2 0 358.4-384 563.199-512 639.999-128-76.8-512-281.6-512-639.999 0-179.199 128-307.2 281.6-307.2 95.232 0 179.199 51.2 230.4 102.4 51.2-51.2 135.168-102.4 230.4-102.4zM559.821 837.326c45.107-28.468 85.811-56.78 123.904-87.091 152.627-121.344 237.875-253.952 237.875-404.634 0-120.832-78.695-204.8-179.199-204.8-55.091 0-114.688 29.184-158.003 72.397l-72.397 72.397-72.397-72.397c-43.315-43.213-102.912-72.397-158.003-72.397-99.328 0-179.199 84.787-179.199 204.8 0 150.733 85.3 283.29 237.824 404.634 38.144 30.311 78.848 58.624 123.955 87.040 15.308 9.677 30.464 18.944 47.821 29.286 17.357-10.343 32.512-19.609 47.821-29.236z"
      ],
      "tags": [
        "heart"
      ],
      "defaultCode": 59671,
      "grid": 16
    },
    {
      "paths": [
        "M544 1024c-282.777 0-512-229.223-512-512s229.223-512 512-512c282.777 0 512 229.223 512 512s-229.223 512-512 512zM544 921.599c108.631 0 212.817-43.157 289.633-119.966 76.811-76.816 119.966-181.002 119.966-289.633s-43.157-212.816-119.966-289.631c-76.816-76.816-181.002-119.969-289.633-119.969s-212.816 43.154-289.631 119.969c-76.816 76.814-119.969 180.998-119.969 289.631 0 108.631 43.154 212.817 119.969 289.633 76.814 76.811 180.999 119.966 289.631 119.966zM492.954 716.8l-217.242-217.242 72.397-72.397 144.845 144.845 289.587-289.638 72.448 72.397-362.035 362.035z"
      ],
      "width": 1088,
      "tags": [
        "check"
      ],
      "defaultCode": 59670,
      "grid": 16
    },
    {
      "paths": [
        "M244.991 575.998l343.296 343.296-90.496 90.496-497.791-497.791 497.791-497.788 90.496 90.496-343.296 343.293h779.008v127.999h-779.008z"
      ],
      "tags": [
        "arrow-left-long"
      ],
      "defaultCode": 59669,
      "grid": 16
    },
    {
      "paths": [
        "M78.769 0h288.82c43.503 0 78.769 35.266 78.769 78.769v288.82c0 43.503-35.267 78.769-78.769 78.769h-288.82c-43.503 0-78.769-35.266-78.769-78.769v-288.82c0-43.503 35.266-78.769 78.769-78.769zM78.769 367.586h288.82v-288.82h-288.82v288.82zM945.235 0h-288.826c-43.501 0-78.767 35.266-78.767 78.769v288.82c0 43.503 35.267 78.769 78.767 78.769h288.826c43.501 0 78.765-35.266 78.765-78.769v-288.82c0-43.503-35.264-78.769-78.765-78.769zM656.41 367.586h288.819v-288.82h-288.819v288.82zM367.59 577.641h-288.82c-43.503 0-78.769 35.267-78.769 78.769v288.819c0 43.507 35.266 78.771 78.769 78.771h288.82c43.503 0 78.769-35.264 78.769-78.771v-288.819c0-43.502-35.267-78.769-78.769-78.769zM78.769 945.229h288.82v-288.826h-288.82v288.826zM945.235 577.64h-288.826c-43.501 0-78.767 35.267-78.767 78.769v288.819c0 43.507 35.267 78.771 78.767 78.771h288.826c43.501 0 78.765-35.264 78.765-78.771v-288.819c0-43.503-35.264-78.769-78.765-78.769zM656.41 945.229h288.819v-288.826h-288.819v288.826z"
      ],
      "tags": [
        "view-br"
      ],
      "defaultCode": 59668,
      "grid": 16
    },
    {
      "paths": [
        "M284.444 59.733h739.556v113.777h-739.556v-113.777zM85.333 201.955c-22.632 0-44.337-8.991-60.34-24.993s-24.993-37.708-24.993-60.34c0-22.632 8.991-44.337 24.993-60.34s37.708-24.993 60.34-24.993c22.632 0 44.337 8.991 60.34 24.993s24.993 37.708 24.993 60.34c0 22.632-8.991 44.337-24.993 60.34s-37.708 24.993-60.34 24.993zM85.333 600.177c-22.632 0-44.337-8.988-60.34-24.991s-24.993-37.712-24.993-60.343c0-22.631 8.991-44.339 24.993-60.343s37.708-24.991 60.34-24.991c22.632 0 44.337 8.988 60.34 24.991s24.993 37.712 24.993 60.343c0 22.631-8.991 44.339-24.993 60.343s-37.708 24.991-60.34 24.991zM85.333 992.711c-22.632 0-44.337-8.988-60.34-24.991s-24.993-37.712-24.993-60.343c0-22.631 8.991-44.339 24.993-60.343s37.708-24.991 60.34-24.991c22.632 0 44.337 8.988 60.34 24.991s24.993 37.712 24.993 60.343c0 22.631-8.991 44.339-24.993 60.343s-37.708 24.991-60.34 24.991zM284.444 457.955h739.556v113.777h-739.556v-113.777zM284.444 856.177h739.556v113.777h-739.556v-113.777z"
      ],
      "tags": [
        "list"
      ],
      "defaultCode": 59666,
      "grid": 16
    },
    {
      "paths": [
        "M972.799 51.2c13.578 0 26.604 5.394 36.204 14.996s14.996 22.625 14.996 36.204v819.2c0 13.578-5.396 26.604-14.996 36.204s-22.625 14.996-36.204 14.996h-921.599c-13.579 0-26.602-5.396-36.204-14.996s-14.996-22.625-14.996-36.204v-819.2c0-13.579 5.394-26.602 14.996-36.204s22.625-14.996 36.204-14.996h921.599zM460.799 563.2h-358.4v307.2h358.4v-307.2zM921.598 563.2h-358.4v307.2h358.4v-307.2zM460.799 153.6h-358.4v307.2h358.4v-307.2zM921.598 153.6h-358.4v307.2h358.4v-307.2z"
      ],
      "tags": [
        "grid"
      ],
      "defaultCode": 59667,
      "grid": 16
    },
    {
      "paths": [
        "M563.199 511.999h153.6l-204.8 204.8-204.8-204.8h153.6v-204.8h102.4v204.8zM665.599 102.399h-512.001v819.201h716.8v-614.4h-204.8v-204.8zM51.199 50.79c0-28.057 22.886-50.79 51.149-50.79h614.452l256 256v716.442c0.046 6.722-1.229 13.394-3.758 19.62-2.53 6.232-6.262 11.904-10.982 16.691s-10.343 8.597-16.532 11.213c-6.196 2.616-12.846 3.989-19.568 4.034h-819.917c-13.446-0.092-26.316-5.473-35.828-14.976s-14.906-22.369-15.013-35.814v-922.42z"
      ],
      "tags": [
        "file"
      ],
      "defaultCode": 59665,
      "grid": 16
    },
    {
      "paths": [
        "M177.926 601.083c0-16.333 13.363-29.696 29.694-29.696h653.279c16.333 0 29.696 13.363 29.696 29.696s-13.363 29.696-29.696 29.696h-653.279c-16.332 0-29.694-13.363-29.694-29.696zM177.926 719.864c0-16.333 13.363-29.696 29.694-29.696h118.778c16.332 0 29.694 13.363 29.694 29.696 0 16.329-13.363 29.691-29.694 29.691h-118.778c-16.332 0-29.694-13.363-29.694-29.691zM682.732 690.168c16.333 0 29.696 13.363 29.696 29.696 0 16.329-13.363 29.691-29.696 29.691h-237.555c-16.332 0-29.694-13.363-29.694-29.691 0-16.333 13.363-29.696 29.694-29.696h237.555zM667.886 318.985c0-41.016 33.219-74.237 74.238-74.237h118.776c41.019 0 74.238 33.221 74.238 74.237v89.083c0 41.016-33.219 74.236-74.238 74.236h-118.776c-41.019 0-74.238-33.219-74.238-74.236v-89.083zM727.274 318.985v89.083c0 8.166 6.681 14.847 14.851 14.847h118.776c8.169 0 14.851-6.681 14.851-14.847v-89.083c0-8.167-6.681-14.848-14.851-14.848h-118.776c-8.169 0-14.851 6.681-14.851 14.848zM949.984 96.275c65.517 0 118.78 53.172 118.78 118.778v593.894c0 65.513-53.263 118.776-118.78 118.776h-831.447c-65.607 0-118.779-53.263-118.779-118.776v-593.894c0-65.607 53.172-118.778 118.779-118.778h831.447zM949.984 155.665h-831.447c-32.794 0-59.39 26.595-59.39 59.389v593.894c0 32.85 26.595 59.388 59.39 59.388h831.447c32.85 0 59.392-26.538 59.392-59.388v-593.894c0-32.794-26.543-59.389-59.392-59.389z"
      ],
      "width": 1069,
      "tags": [
        "credit-card"
      ],
      "defaultCode": 59663,
      "grid": 16
    },
    {
      "paths": [
        "M737.276 217.098h245.752v98.301h-98.301v638.954c0 13.035-5.18 25.539-14.396 34.754s-21.719 14.396-34.754 14.396h-688.104c-13.035 0-25.538-5.18-34.754-14.396s-14.396-21.719-14.396-34.754v-638.954h-98.301v-98.301h245.752v-147.451c0-13.035 5.179-25.538 14.396-34.754s21.719-14.396 34.754-14.396h393.202c13.035 0 25.539 5.179 34.754 14.396s14.396 21.719 14.396 34.754v147.451zM786.426 315.399h-589.804v589.804h589.804v-589.804zM344.073 462.85h98.301v294.902h-98.301v-294.902zM540.674 462.85h98.301v294.902h-98.301v-294.902zM344.073 118.798v98.301h294.902v-98.301h-294.902z"
      ],
      "width": 983,
      "tags": [
        "bin"
      ],
      "defaultCode": 59664,
      "grid": 16
    },
    {
      "paths": [
        "M227.556 910.222v-341.333h568.889v341.333h113.777v-635.562l-160.881-160.881h-635.562v796.443h113.777zM56.89 0.001h739.555l227.556 227.556v739.555c0 15.087-5.996 29.56-16.663 40.227s-25.139 16.663-40.227 16.663h-910.222c-15.088 0-29.557-5.996-40.227-16.663s-16.663-25.139-16.663-40.227v-910.222c0-15.088 5.993-29.557 16.663-40.227s25.139-16.663 40.227-16.663zM341.334 682.666v227.556h341.333v-227.556h-341.333z"
      ],
      "tags": [
        "save"
      ],
      "defaultCode": 59662,
      "grid": 16
    },
    {
      "paths": [
        "M512 398.24l398.24-398.24 113.76 113.76-398.24 398.24 398.24 398.24-113.76 113.76-398.24-398.24-398.24 398.24-113.76-113.76 398.24-398.24-398.24-398.24 113.76-113.76 398.24 398.24z"
      ],
      "tags": [
        "close"
      ],
      "defaultCode": 59661,
      "grid": 16
    },
    {
      "paths": [
        "M597.36 512l-398.24-398.24 113.76-113.76 512 512-512 512-113.76-113.76 398.24-398.24z"
      ],
      "tags": [
        "arrow-right"
      ],
      "defaultCode": 59660,
      "grid": 16
    },
    {
      "paths": [
        "M512.001 86.083c255.172 0 467.467 183.618 511.999 425.917-44.485 242.299-256.828 425.917-511.999 425.917-255.173 0-467.469-183.618-512.001-425.917 44.485-242.299 256.828-425.917 512.001-425.917zM512.001 843.269c96.512-0.019 190.167-32.806 265.62-92.982 75.458-60.182 128.253-144.192 149.743-238.286-21.57-94.019-74.398-177.939-149.847-238.039s-169.056-92.827-265.517-92.827c-96.462 0-190.070 32.726-265.519 92.827s-128.277 144.020-149.846 238.039c21.49 94.094 74.284 178.104 149.741 238.286 75.457 60.177 169.108 92.963 265.624 92.982zM512.001 724.958c-56.482 0-110.648-22.436-150.586-62.373s-62.375-94.104-62.375-150.585c0-56.482 22.437-110.647 62.375-150.584s94.105-62.375 150.586-62.375c56.476 0 110.644 22.437 150.58 62.375 39.942 39.937 62.378 94.103 62.378 150.584s-22.436 110.648-62.378 150.585c-39.936 39.936-94.104 62.373-150.58 62.373zM512.001 630.311c31.376 0 61.47-12.465 83.655-34.651 22.19-22.19 34.656-52.283 34.656-83.659s-12.465-61.47-34.656-83.659c-22.185-22.186-52.279-34.651-83.655-34.651-31.38 0-61.474 12.465-83.659 34.651-22.188 22.19-34.652 52.283-34.652 83.659s12.465 61.47 34.652 83.659c22.185 22.185 52.279 34.651 83.659 34.651z"
      ],
      "tags": [
        "pass-show"
      ],
      "defaultCode": 59659,
      "grid": 16
    },
    {
      "paths": [
        "M790.361 857.323c-83.233 52.79-179.798 80.749-278.36 80.593-255.173 0-467.469-183.618-512.001-425.917 20.351-110.233 75.795-210.93 158.063-287.069l-148.077-147.935 66.963-66.963 936.971 937.018-66.963 66.917-156.595-156.643zM224.978 291.94c-64.313 58.474-109.115 135.286-128.343 220.058 14.78 64.664 44.451 124.988 86.651 176.169 42.201 51.177 95.766 91.799 156.432 118.628s126.757 39.123 193.015 35.909c66.253-3.213 130.842-21.854 188.629-54.427l-95.973-95.973c-40.855 25.735-89.244 36.823-137.231 31.442s-92.717-26.904-126.86-61.048c-34.143-34.144-55.67-78.876-61.048-126.862-5.379-47.982 5.708-96.37 31.444-137.227l-106.715-106.669zM555.256 622.169l-153.426-153.424c-8.421 21.433-10.403 44.859-5.702 67.404s15.878 43.226 32.163 59.51c16.285 16.289 36.965 27.462 59.51 32.167 22.545 4.7 45.97 2.716 67.408-5.702l0.048 0.048zM928.784 729.311l-67.721-67.673c31.631-45.086 54.158-95.917 66.301-149.639-12.863-56.33-37.045-109.455-71.076-156.147s-77.2-85.977-126.89-115.466c-49.686-29.488-104.846-48.566-162.137-56.071s-115.504-3.283-171.112 12.41l-74.677-74.677c59.013-23.189 123.328-35.967 190.529-35.967 255.172 0 467.467 183.618 511.999 425.918-14.504 78.828-47.097 153.211-95.216 217.312zM498.893 299.417c30.121-1.862 60.296 2.701 88.52 13.384s53.86 27.244 75.198 48.584c21.344 21.34 37.902 46.973 48.583 75.196 10.686 28.229 15.248 58.403 13.388 88.524l-225.688-225.69z"
      ],
      "tags": [
        "pass-hide"
      ],
      "defaultCode": 59658,
      "grid": 16
    },
    {
      "paths": [
        "M214.901 135.951c-0.014 28.498-11.348 55.822-31.51 75.963s-47.498 31.448-75.994 31.433c-28.498-0.014-55.822-11.348-75.963-31.51s-31.448-47.496-31.433-75.994c0.015-28.498 11.348-55.822 31.51-75.963s47.496-31.448 75.994-31.433c28.498 0.015 55.822 11.349 75.963 31.51s31.448 47.496 31.433 75.994zM218.124 322.915h-214.901v672.639h214.901v-672.639zM557.666 322.915h-213.825v672.639h211.675v-352.975c0-196.634 256.269-214.901 256.269 0v352.975h212.214v-426.042c0-331.483-379.301-319.127-468.484-156.34l2.149-90.257z"
      ],
      "tags": [
        "linkedin"
      ],
      "defaultCode": 59654,
      "grid": 16
    },
    {
      "paths": [
        "M845.235 219c-6.912-3.572-13.641-7.488-20.161-11.733-18.956-12.533-36.34-27.303-51.775-43.987-38.611-44.18-53.032-88.999-58.34-120.379h0.211c-4.437-26.047-2.6-42.9-2.321-42.9h-175.867v680.034c0 9.125 0 18.153-0.381 27.068 0 1.109-0.108 2.133-0.171 3.328 0 0.489 0 1.001-0.108 1.513 0 0.131 0 0.256 0 0.387-1.855 24.4-9.677 47.969-22.779 68.636s-31.079 37.797-52.355 49.885c-22.175 12.612-47.252 19.228-72.764 19.2-81.937 0-148.344-66.816-148.344-149.328s66.407-149.328 148.344-149.328c15.511-0.012 30.923 2.429 45.673 7.231l0.211-179.062c-44.768-5.783-90.248-2.225-133.573 10.449s-83.553 34.189-118.147 63.191c-30.312 26.333-55.795 57.759-75.303 92.86-7.424 12.8-35.433 64.228-38.825 147.7-2.133 47.383 12.096 96.467 18.879 116.753v0.427c4.267 11.947 20.799 52.713 47.741 87.080 21.725 27.568 47.393 51.78 76.177 71.868v-0.427l0.427 0.427c85.137 57.851 179.532 54.056 179.532 54.056 16.34-0.66 71.079 0 133.241-29.457 68.944-32.66 108.197-81.323 108.197-81.323 25.076-29.071 45.016-62.208 58.96-97.98 15.917-41.831 21.231-92.007 21.231-112.055v-360.774c2.128 1.28 30.544 20.073 30.544 20.073s40.937 26.239 104.807 43.325c45.824 12.163 107.56 14.723 107.56 14.723v-174.586c-21.635 2.347-65.559-4.48-110.524-26.9z"
      ],
      "tags": [
        "tiktok"
      ],
      "defaultCode": 59655,
      "grid": 16
    },
    {
      "paths": [
        "M806.458 49.201h157.020l-343.041 392.072 403.562 533.526h-315.986l-247.491-323.579-283.188 323.579h-157.114l366.918-419.365-387.138-506.233h324.007l223.71 295.765 258.742-295.765zM751.348 880.815h87.007l-561.626-742.566h-93.367l567.985 742.566z"
      ],
      "tags": [
        "twitter"
      ],
      "defaultCode": 59656,
      "grid": 16
    },
    {
      "paths": [
        "M901.428 255.744c-3.892-15.258-14.951-26.778-27.596-30.311-22.374-6.298-131.43-20.634-361.83-20.634s-339.354 14.336-361.933 20.634c-12.493 3.481-23.552 15.001-27.494 30.311-5.581 21.709-20.173 112.691-20.173 256.256s14.592 234.495 20.173 256.307c3.892 15.206 14.951 26.726 27.546 30.208 22.528 6.349 131.481 20.684 361.881 20.684s339.404-14.336 361.933-20.634c12.493-3.481 23.552-15.001 27.494-30.311 5.581-21.709 20.173-112.896 20.173-256.256s-14.592-234.495-20.173-256.256zM1000.602 230.298c23.399 91.238 23.399 281.702 23.399 281.702s0 190.464-23.399 281.702c-13.004 50.432-51.047 90.112-99.226 103.526-87.5 24.371-389.376 24.371-389.376 24.371s-301.722 0-389.376-24.371c-48.384-13.619-86.375-53.248-99.226-103.526-23.399-91.238-23.399-281.702-23.399-281.702s0-190.464 23.399-281.702c13.004-50.432 51.047-90.112 99.226-103.526 87.654-24.371 389.376-24.371 389.376-24.371s301.875 0 389.376 24.371c48.384 13.619 86.375 53.248 99.226 103.526zM409.601 691.199v-358.4l307.2 179.199-307.2 179.199z"
      ],
      "tags": [
        "youtube"
      ],
      "defaultCode": 59657,
      "grid": 16
    },
    {
      "paths": [
        "M808.101 736.821l215.899 215.85-71.328 71.328-215.85-215.899c-80.316 64.382-180.21 99.4-283.145 99.255-250.43 0-453.677-203.247-453.677-453.677s203.247-453.677 453.677-453.677c250.43 0 453.677 203.247 453.677 453.677 0.146 102.934-34.873 202.829-99.255 283.145zM706.981 699.418c63.973-65.788 99.703-153.978 99.557-245.742 0-194.981-157.93-352.86-352.86-352.86-194.981 0-352.86 157.88-352.86 352.86 0 194.93 157.88 352.86 352.86 352.86 91.763 0.146 179.954-35.583 245.742-99.557l7.561-7.561z"
      ],
      "tags": [
        "search"
      ],
      "defaultCode": 59650,
      "grid": 16
    },
    {
      "paths": [
        "M-0 731.432h487.619v97.52h-487.619v-97.52zM-0 390.097h975.24v97.525h-975.24v-97.525zM-0 48.763h975.24v97.524h-975.24v-97.524zM780.194 731.432v-146.286h97.52v146.286h146.286v97.52h-146.286v146.286h-97.52v-146.286h-146.286v-97.52h146.286z"
      ],
      "tags": [
        "wishlist"
      ],
      "defaultCode": 59651,
      "grid": 16
    },
    {
      "paths": [
        "M164.616 224.485l-156.326-156.277 68.209-68.208 156.277 156.326h734.725c7.515 0 14.924 1.755 21.639 5.127s12.547 8.267 17.035 14.294c4.483 6.027 7.501 13.018 8.802 20.419 1.306 7.399 0.863 15.001-1.297 22.198l-115.69 385.633c-2.975 9.935-9.077 18.64-17.392 24.835-8.32 6.189-18.414 9.534-28.788 9.534h-590.787v96.408h530.243v96.408h-578.446c-12.785 0-25.045-5.081-34.086-14.119s-14.119-21.301-14.119-34.086v-558.493zM261.024 252.732v289.225h554.923l86.767-289.225h-641.69zM236.922 1023.999c-19.177 0-37.569-7.622-51.128-21.181s-21.178-31.949-21.178-51.125c0-19.176 7.618-37.57 21.178-51.131s31.951-21.176 51.128-21.176c19.177 0 37.568 7.616 51.128 21.176s21.178 31.955 21.178 51.131c0 19.176-7.618 37.565-21.178 51.125s-31.951 21.181-51.128 21.181zM815.369 1023.999c-19.176 0-37.565-7.622-51.125-21.181s-21.181-31.949-21.181-51.125c0-19.176 7.622-37.57 21.181-51.131s31.949-21.176 51.125-21.176c19.18 0 37.57 7.616 51.131 21.176s21.176 31.955 21.176 51.131c0 19.176-7.616 37.565-21.176 51.125s-31.949 21.181-51.131 21.181z"
      ],
      "tags": [
        "cart"
      ],
      "defaultCode": 59652,
      "grid": 16
    },
    {
      "paths": [
        "M121.905 1024c0-103.458 41.099-202.683 114.256-275.841 73.157-73.153 172.379-114.254 275.839-114.254 103.458 0 202.683 41.102 275.841 114.254 73.153 73.158 114.254 172.383 114.254 275.841h-97.523c0-77.594-30.823-152.010-85.694-206.878-54.867-54.872-129.282-85.694-206.878-85.694s-152.011 30.823-206.879 85.694c-54.867 54.867-85.693 129.282-85.693 206.878h-97.523zM512 585.143c-161.646 0-292.571-130.926-292.571-292.571s130.926-292.571 292.571-292.571c161.646 0 292.571 130.926 292.571 292.571s-130.926 292.571-292.571 292.571zM512 487.619c107.763 0 195.048-87.283 195.048-195.048s-87.283-195.048-195.048-195.048c-107.763 0-195.048 87.283-195.048 195.048s87.283 195.048 195.048 195.048z"
      ],
      "tags": [
        "account"
      ],
      "defaultCode": 59653,
      "grid": 16
    },
    {
      "paths": [
        "M741.407 0h-458.825c-155.819 0-282.579 126.769-282.579 282.588v458.825c0 155.821 126.766 282.587 282.579 282.587h458.825c155.824 0 282.59-126.769 282.59-282.587v-458.825c0.011-155.819-126.766-282.588-282.59-282.588zM933.162 741.408c0 105.726-86.016 191.73-191.739 191.73h-458.831c-105.714 0.003-191.726-86.010-191.726-191.73v-458.825c0-105.723 86.012-191.73 191.726-191.73h458.825c105.726 0 191.742 86.013 191.742 191.73v458.825h0.003z",
        "M511.932 248.15c-145.492 0-263.856 118.367-263.856 263.856s118.364 263.851 263.856 263.851c145.492 0 263.856-118.355 263.856-263.851s-118.364-263.856-263.856-263.856zM511.937 684.991c-95.391 0-173.005-77.6-173.005-172.991 0-95.393 77.603-173.005 173.005-173.005 95.393 0 173.005 77.61 173.005 173.005 0 95.391-77.614 172.991-173.005 172.991z",
        "M786.879 171.11c-17.506 0-34.7 7.087-47.060 19.503-12.421 12.354-19.566 29.556-19.566 47.123 0 17.509 7.15 34.707 19.566 47.123 12.354 12.354 29.554 19.503 47.060 19.503 17.566 0 34.707-7.15 47.123-19.503 12.416-12.416 19.503-29.619 19.503-47.123 0-17.566-7.087-34.769-19.503-47.123-12.356-12.416-29.556-19.503-47.123-19.503z"
      ],
      "tags": [
        "instagram"
      ],
      "defaultCode": 59648,
      "grid": 16
    },
    {
      "paths": [
        "M789.214 0.212l-136.706-0.212c-153.582 0-252.831 98.913-252.831 252.003v116.194h-137.453c-11.876 0-21.499 9.349-21.499 20.893v168.35c0 11.535 9.632 20.879 21.499 20.879h137.453v424.8c0 11.538 9.616 20.882 21.492 20.882h179.331c11.876 0 21.499-9.357 21.499-20.882v-424.8h160.708c11.876 0 21.492-9.344 21.492-20.879l0.064-168.35c0-5.541-2.27-10.847-6.292-14.766-4.020-3.921-9.507-6.126-15.213-6.126h-160.765v-98.497c0-47.344 11.613-71.375 75.1-71.375l92.093-0.032c11.87 0 21.487-9.357 21.487-20.882v-156.32c0-11.517-9.611-20.86-21.459-20.88z"
      ],
      "tags": [
        "facebook"
      ],
      "defaultCode": 59649,
      "grid": 16
    }
  ],
  "colorThemes": [
    [
      [
        126,
        130,
        153,
        1
      ],
      [
        255,
        255,
        255,
        1
      ]
    ]
  ],
  "colorThemeIdx": 0,
  "preferences": {
    "showGlyphs": true,
    "showQuickUse": true,
    "showQuickUse2": true,
    "showSVGs": true,
    "fontPref": {
      "prefix": "icon-",
      "metadata": {
        "fontFamily": "icomoon"
      },
      "metrics": {
        "emSize": 1024,
        "baseline": 6.25,
        "whitespace": 50
      },
      "embed": false
    },
    "imagePref": {
      "prefix": "icon-",
      "png": true,
      "useClassSelector": true,
      "color": 0,
      "bgColor": 16777215,
      "classSelector": ".icon",
      "name": "icomoon"
    },
    "historySize": 50,
    "showCodes": true,
    "gridSize": 16,
    "showGrid": true
  },
  "IcoMoonType": "icon-set"
}